beeID,date,county,siteDescrip,weather,time,species,pollen,ns,nsDescrip,feeding,stationary,nectaring,plant,plantDescrip,collector,collectionNotes,pollenDissect,extParasites,mites,mitesAmount,crop,intParasites,sphaer,otherMacroPara,o1l,o1s,o2l,o2s,o3l,o3s,o4l,o4s,o5l,o5s,o6l,o6s,o7l,o7s,o8l,o8s,dissNotes,nosema,apocys,otherMicroPara,midgut,hindgut,fatbody,trach,sperma,slideNotes,wing1,wing2,spermatheca,dissNotes2
ME1,20200613,Franklin,"Managed field with half mowed every other year to promote lowbush blueberry (Vacciniumspp.). Two-year-old side is dominated by blueberry in peak flower and grasses. Few other plants in bloom in meadow and bees were only seen using the blueberry. Bumble bees were all queens. Based on four counts of 50 bees randomly sampled they were as follows: ternarius (90.5%), perplexus (4.0%), terricola (2.0%), vagans/sandersoni (these should be definit4ely ID'ed by malar space etc.; 1.5%), borealis (1.0%), impatiens (0.5%), bimaculatus (0.5%).Ê","50-53 degrees F, mostly cloudy.",11:00-5:00 pm,ternarius,1,0,na,1,0,0,highbush blueberry,looked to be nectaring,HW/LR,might have been collecting pollen but didn't hear any buzzing,1,2 mites,0,two,"not too full, clear",0,0,0,6.3,4,4.3,3,4.1,3,6.3,4,6.3,4,4.3,3,6.2,4,5.9,3,accidently threw away,0,0,0,,,,,Sperm present,,3.4,3.4,cloudy,
ME2,20200613,Franklin,"Managed field with half mowed every other year to promote lowbush blueberry (Vacciniumspp.). Two-year-old side is dominated by blueberry in peak flower and grasses. Few other plants in bloom in meadow and bees were only seen using the blueberry. Bumble bees were all queens. Based on four counts of 50 bees randomly sampled they were as follows: ternarius (90.5%), perplexus (4.0%), terricola (2.0%), vagans/sandersoni (these should be definit4ely ID'ed by malar space etc.; 1.5%), borealis (1.0%), impatiens (0.5%), bimaculatus (0.5%).Ê","50-53 degrees F, mostly cloudy.",11:00-5:00 pm,ternarius,1,0,na,1,0,0,highbush blueberry,looked to be nectaring,HW/LR,might have been collecting pollen but didn't hear any buzzing,1,2 mites,0,two,"full, clear",0,0,0,5.7,4,4.2,3,4.3,3,5.3,4,6,4,6.4,4,7,4,4,3,,0,0,0,,,,,no spermatheca,,3.4,3.4,not found,not able to find spermatheca
ME3,20200613,Franklin,"Managed field with half mowed every other year to promote lowbush blueberry (Vacciniumspp.). Two-year-old side is dominated by blueberry in peak flower and grasses. Few other plants in bloom in meadow and bees were only seen using the blueberry. Bumble bees were all queens. Based on four counts of 50 bees randomly sampled they were as follows: ternarius (90.5%), perplexus (4.0%), terricola (2.0%), vagans/sandersoni (these should be definit4ely ID'ed by malar space etc.; 1.5%), borealis (1.0%), impatiens (0.5%), bimaculatus (0.5%).Ê","50-53 degrees F, mostly cloudy.",11:00-5:00 pm,ternarius,1,0,na,1,0,0,highbush blueberry,looked to be nectaring,HW/LR,might have been collecting pollen but didn't hear any buzzing,1,2 mites,0,two,clear,0,0,0,5.9,4,6.2,4,4.7,3,4.4,3,5.2,4,4,3,3.9,3,4,3,,0,0,0,,I think its pollen and not parasite,,,I did not dissect the spermatheca,,3.6,3.6,cloudy,
ME4,20200613,Franklin,"Managed field with half mowed every other year to promote lowbush blueberry (Vacciniumspp.). Two-year-old side is dominated by blueberry in peak flower and grasses. Few other plants in bloom in meadow and bees were only seen using the blueberry. Bumble bees were all queens. Based on four counts of 50 bees randomly sampled they were as follows: ternarius (90.5%), perplexus (4.0%), terricola (2.0%), vagans/sandersoni (these should be definit4ely ID'ed by malar space etc.; 1.5%), borealis (1.0%), impatiens (0.5%), bimaculatus (0.5%).Ê","50-53 degrees F, mostly cloudy.",11:00-5:00 pm,ternarius,1,0,na,1,0,0,highbush blueberry,looked to be nectaring,HW/LR,might have been collecting pollen but didn't hear any buzzing,1,1 mite,0,one,"full, clear",1(eggs or sphaerularia?) - amber says probably nothing,0,0,4.6,3,5.1,4,3.2,3,6.1,4,4.8,R,3.3,R,4.6,3,6,4,,0,0,0,,,,,Sperm present,,3.5,3.5,cloudy,
ME5,20200613,Franklin,"Managed field with half mowed every other year to promote lowbush blueberry (Vacciniumspp.). Two-year-old side is dominated by blueberry in peak flower and grasses. Few other plants in bloom in meadow and bees were only seen using the blueberry. Bumble bees were all queens. Based on four counts of 50 bees randomly sampled they were as follows: ternarius (90.5%), perplexus (4.0%), terricola (2.0%), vagans/sandersoni (these should be definit4ely ID'ed by malar space etc.; 1.5%), borealis (1.0%), impatiens (0.5%), bimaculatus (0.5%).Ê","50-53 degrees F, mostly cloudy.",11:00-5:00 pm,ternarius,1,0,na,1,0,0,highbush blueberry,looked to be nectaring,HW/LR,might have been collecting pollen but didn't hear any buzzing,1,1 mite,0,one,"flat, clear",0,0,0,5,4,6.2,4,2.2,2,2.3,2,3.4,3,5.6,4,5.8,R,5.8,4,,0,0,0,,,,,Sperm present,,3.5,3.5,cloudy,
ME6,20200613,Franklin,"Managed field with half mowed every other year to promote lowbush blueberry (Vacciniumspp.). Two-year-old side is dominated by blueberry in peak flower and grasses. Few other plants in bloom in meadow and bees were only seen using the blueberry. Bumble bees were all queens. Based on four counts of 50 bees randomly sampled they were as follows: ternarius (90.5%), perplexus (4.0%), terricola (2.0%), vagans/sandersoni (these should be definit4ely ID'ed by malar space etc.; 1.5%), borealis (1.0%), impatiens (0.5%), bimaculatus (0.5%).Ê","50-53 degrees F, mostly cloudy.",11:00-5:00 pm,ternarius,1,0,na,1,0,0,highbush blueberry,looked to be nectaring,HW/LR,might have been collecting pollen but didn't hear any buzzing,1,2 mites,0,two,"full, clear",0,0,0,4.5,4,4.3,3,4.4,3,1.5,1,5,4,4.5,3,4.5,R,1.2,1,,0,0,0,,,,,Sperm present,,3.6,3.6,cloudy,
ME7,20200613,Franklin,"Managed field with half mowed every other year to promote lowbush blueberry (Vacciniumspp.). Two-year-old side is dominated by blueberry in peak flower and grasses. Few other plants in bloom in meadow and bees were only seen using the blueberry. Bumble bees were all queens. Based on four counts of 50 bees randomly sampled they were as follows: ternarius (90.5%), perplexus (4.0%), terricola (2.0%), vagans/sandersoni (these should be definit4ely ID'ed by malar space etc.; 1.5%), borealis (1.0%), impatiens (0.5%), bimaculatus (0.5%).Ê","50-53 degrees F, mostly cloudy.",11:00-5:00 pm,ternarius,1,0,na,1,0,0,highbush blueberry,looked to be nectaring,HW/LR,might have been collecting pollen but didn't hear any buzzing,1,1 mite,0,one,"full, clear","yes, (egg like) - amber says degraded fat body",0,0,3.5,3,5,4,1.9,2,4,3,2.4,2,4.5,3,5.3,4,1.6,2,,0,0,0,,,,,I did not dissect the spermatheca,,3.6,3.6,cloudy,spermatheca was like dry or shrinked
ME8,20200613,Franklin,"Managed field with half mowed every other year to promote lowbush blueberry (Vacciniumspp.). Two-year-old side is dominated by blueberry in peak flower and grasses. Few other plants in bloom in meadow and bees were only seen using the blueberry. Bumble bees were all queens. Based on four counts of 50 bees randomly sampled they were as follows: ternarius (90.5%), perplexus (4.0%), terricola (2.0%), vagans/sandersoni (these should be definit4ely ID'ed by malar space etc.; 1.5%), borealis (1.0%), impatiens (0.5%), bimaculatus (0.5%).Ê","50-53 degrees F, mostly cloudy.",11:00-5:00 pm,ternarius,1,0,na,1,0,0,highbush blueberry,looked to be nectaring,HW/LR,might have been collecting pollen but didn't hear any buzzing,1,0,0,0,clear,"amber says maybe sphaer, can't say for sure",0,0,5.2,4,3.7,3,6.2,4,5.3,4,5,4,4.1,3,3,2,5.2,4,,0,0,0,,,,,Sperm present,,3.7,3.7,"dry, yellowish",dark fat body
ME9,20200613,Franklin,"Managed field with half mowed every other year to promote lowbush blueberry (Vacciniumspp.). Two-year-old side is dominated by blueberry in peak flower and grasses. Few other plants in bloom in meadow and bees were only seen using the blueberry. Bumble bees were all queens. Based on four counts of 50 bees randomly sampled they were as follows: ternarius (90.5%), perplexus (4.0%), terricola (2.0%), vagans/sandersoni (these should be definit4ely ID'ed by malar space etc.; 1.5%), borealis (1.0%), impatiens (0.5%), bimaculatus (0.5%).Ê","50-53 degrees F, mostly cloudy.",11:00-5:00 pm,ternarius,1,0,na,1,0,0,highbush blueberry,looked to be nectaring,HW/LR,might have been collecting pollen but didn't hear any buzzing,1,1 mite,0,one,"full, clear",0,0,0,4.6,3,3.8,3,4.8,4,2.8,2,2.5,2,3.4,3,6,4,4.4,3,,0,0,0,,"Really hard to tell if this are tracheal mites or pollen, I do see on the bellow, left cortner something that might be a mite - amber says nothing funky",,,Sperm present,,3.5,3.5,cloudy,
ME10,20200613,Franklin,"Managed field with half mowed every other year to promote lowbush blueberry (Vacciniumspp.). Two-year-old side is dominated by blueberry in peak flower and grasses. Few other plants in bloom in meadow and bees were only seen using the blueberry. Bumble bees were all queens. Based on four counts of 50 bees randomly sampled they were as follows: ternarius (90.5%), perplexus (4.0%), terricola (2.0%), vagans/sandersoni (these should be definit4ely ID'ed by malar space etc.; 1.5%), borealis (1.0%), impatiens (0.5%), bimaculatus (0.5%).Ê","50-53 degrees F, mostly cloudy.",11:00-5:00 pm,ternarius,1,0,na,1,0,0,highbush blueberry,looked to be nectaring,HW/LR,might have been collecting pollen but didn't hear any buzzing,1,0,0,0,"full, clear",0,0,0,6,4,4.9,3,3.2,2,4.7,3,3,3,4.5,3,5.2,4,5.5,4,,0,0,0,,,,,Sperm present,,3.8,3.8,cloudy,
ME11,20200613,Franklin,"Managed field with half mowed every other year to promote lowbush blueberry (Vacciniumspp.). Two-year-old side is dominated by blueberry in peak flower and grasses. Few other plants in bloom in meadow and bees were only seen using the blueberry. Bumble bees were all queens. Based on four counts of 50 bees randomly sampled they were as follows: ternarius (90.5%), perplexus (4.0%), terricola (2.0%), vagans/sandersoni (these should be definit4ely ID'ed by malar space etc.; 1.5%), borealis (1.0%), impatiens (0.5%), bimaculatus (0.5%).Ê","50-53 degrees F, mostly cloudy.",11:00-5:00 pm,ternarius,0,0,na,1,0,1,highbush blueberry,nectaring,HW/LR,might have been collecting pollen but didn't hear any buzzing,0,not sure?,0,0,"not too full, clear",0,0,0,3.5,3,3.6,3,6,4,4.2,3,6.9,R,5.4,4,5,4,5.2,R,,0,0,0,,,"swollen, but too blurry to say that there is nosema spores",,not sure if there is any sperm,,3.7,3.7,"yellowish, clear",see picture of E.P.
ME12,20200613,Franklin,"Managed field with half mowed every other year to promote lowbush blueberry (Vacciniumspp.). Two-year-old side is dominated by blueberry in peak flower and grasses. Few other plants in bloom in meadow and bees were only seen using the blueberry. Bumble bees were all queens. Based on four counts of 50 bees randomly sampled they were as follows: ternarius (90.5%), perplexus (4.0%), terricola (2.0%), vagans/sandersoni (these should be definit4ely ID'ed by malar space etc.; 1.5%), borealis (1.0%), impatiens (0.5%), bimaculatus (0.5%).Ê","50-53 degrees F, mostly cloudy.",11:00-5:00 pm,ternarius,0,0,na,1,0,1,highbush blueberry,nectaring,HW/LR,might have been collecting pollen but didn't hear any buzzing,0,2 mites,0,two,"full, clear",0,0,0,3.4,2,3,2,3.7,2,3,2,3.2,2,3.1,2,2.5,2,4,3,,0,0,0,,,,,no sperm,,3.7,3.7,cloudy,oversized crop
ME13,20200613,Franklin,"Managed field with half mowed every other year to promote lowbush blueberry (Vacciniumspp.). Two-year-old side is dominated by blueberry in peak flower and grasses. Few other plants in bloom in meadow and bees were only seen using the blueberry. Bumble bees were all queens. Based on four counts of 50 bees randomly sampled they were as follows: ternarius (90.5%), perplexus (4.0%), terricola (2.0%), vagans/sandersoni (these should be definit4ely ID'ed by malar space etc.; 1.5%), borealis (1.0%), impatiens (0.5%), bimaculatus (0.5%).Ê","50-53 degrees F, mostly cloudy.",11:00-5:00 pm,ternarius,0,0,na,1,0,1,highbush blueberry,nectaring,HW/LR,might have been collecting pollen but didn't hear any buzzing,0,40 mites + egg looking things,1,med,not visible,Sphaerularia Adult + juveniles,1,0,0,1,0,1,0,1,0,1,0,1,0,1,0,1,0,1,Not developed,0,0,0,"apart from the sphaerularia there are some circular things that might be tracheal mites because there bigger than the usual sphaerularia balloons, more clean on IVT13 M2. However, IVT14 PARASITE does have an example of this balloons and that makes me no longer think they are mites","a lot going on, there are this doble bubbles but I think all the circle things are the balloon in the reproductive system of the sphaerularia",,,Sperm present,sphaerularia is seen on all tissues,3.6,3.6,"very white, cloudy",crop and internal organs were shrinked by all of the sphaerularia juveniles surrounding them
ME14,20200613,Franklin,"Managed field with half mowed every other year to promote lowbush blueberry (Vacciniumspp.). Two-year-old side is dominated by blueberry in peak flower and grasses. Few other plants in bloom in meadow and bees were only seen using the blueberry. Bumble bees were all queens. Based on four counts of 50 bees randomly sampled they were as follows: ternarius (90.5%), perplexus (4.0%), terricola (2.0%), vagans/sandersoni (these should be definit4ely ID'ed by malar space etc.; 1.5%), borealis (1.0%), impatiens (0.5%), bimaculatus (0.5%).Ê","50-53 degrees F, mostly cloudy.",11:00-5:00 pm,ternarius,0,0,na,1,0,1,highbush blueberry,nectaring,HW/LR,might have been collecting pollen but didn't hear any buzzing,0,93 mites +,1,lots,clear,Sphaerularia Adult + juveniles,1,0,0,1,0,1,0,1,0,1,0,1,0,1,0,1,0,1,Not developed,0,0,0,,,,,no sperm,sphaerularia is seen on all tissues,3.5,3.5,cloudy,crop and internal organs were shrinked by all of the sphaerularia juveniles surrounding them
ME15,20200613,Franklin,"Managed field with half mowed every other year to promote lowbush blueberry (Vacciniumspp.). Two-year-old side is dominated by blueberry in peak flower and grasses. Few other plants in bloom in meadow and bees were only seen using the blueberry. Bumble bees were all queens. Based on four counts of 50 bees randomly sampled they were as follows: ternarius (90.5%), perplexus (4.0%), terricola (2.0%), vagans/sandersoni (these should be definit4ely ID'ed by malar space etc.; 1.5%), borealis (1.0%), impatiens (0.5%), bimaculatus (0.5%).Ê","50-53 degrees F, mostly cloudy.",11:00-5:00 pm,ternarius,0,0,na,1,0,1,highbush blueberry,nectaring,HW/LR,might have been collecting pollen but didn't hear any buzzing,0,93 mites +,1,lots,clear,Sphaerularia Adult + juveniles,1,0,0,1,0,1,0,1,0,1,0,1,0,1,0,1,0,1,Not developed,0,0,0,,,,,Sperm present,sphaerularia is seen on all tissues,3.6,3.6,cloudy,crop and internal organs were shrinked by all of the sphaerularia juveniles surrounding them
ME16,20200613,Franklin,"Managed field with half mowed every other year to promote lowbush blueberry (Vacciniumspp.). Two-year-old side is dominated by blueberry in peak flower and grasses. Few other plants in bloom in meadow and bees were only seen using the blueberry. Bumble bees were all queens. Based on four counts of 50 bees randomly sampled they were as follows: ternarius (90.5%), perplexus (4.0%), terricola (2.0%), vagans/sandersoni (these should be definit4ely ID'ed by malar space etc.; 1.5%), borealis (1.0%), impatiens (0.5%), bimaculatus (0.5%).Ê","50-53 degrees F, mostly cloudy.",11:00-5:00 pm,ternarius,0,0,na,1,0,1,highbush blueberry,nectaring,HW/LR,might have been collecting pollen but didn't hear any buzzing,0,2 mites,0,two,clear,0,0,0,5,R,5.2,R,4.4,4,4.7,4,5.5,4,5,4,5.5,R,4.5,4,,0,0,0,,,,,Sperm present,,3.5,3.5,dark yellow,
ME17,20200613,Franklin,"Managed field with half mowed every other year to promote lowbush blueberry (Vacciniumspp.). Two-year-old side is dominated by blueberry in peak flower and grasses. Few other plants in bloom in meadow and bees were only seen using the blueberry. Bumble bees were all queens. Based on four counts of 50 bees randomly sampled they were as follows: ternarius (90.5%), perplexus (4.0%), terricola (2.0%), vagans/sandersoni (these should be definit4ely ID'ed by malar space etc.; 1.5%), borealis (1.0%), impatiens (0.5%), bimaculatus (0.5%).Ê","50-53 degrees F, mostly cloudy.",11:00-5:00 pm,ternarius,0,0,na,1,0,1,highbush blueberry,nectaring,HW/LR,might have been collecting pollen but didn't hear any buzzing,0,1 mite,0,one,"not full, clear",0,0,0,6.4,4,6.7,4,2,2,6.1,4,6.2,4,5,3,4.5,3,6.1,4,ovaries hard to see,0,0,0,,,,,Sperm present,,3.5,3.5,"yellow, cloudy","rectum very full, yellow with lost of nectar"
ME18,20200613,Franklin,"Managed field with half mowed every other year to promote lowbush blueberry (Vacciniumspp.). Two-year-old side is dominated by blueberry in peak flower and grasses. Few other plants in bloom in meadow and bees were only seen using the blueberry. Bumble bees were all queens. Based on four counts of 50 bees randomly sampled they were as follows: ternarius (90.5%), perplexus (4.0%), terricola (2.0%), vagans/sandersoni (these should be definit4ely ID'ed by malar space etc.; 1.5%), borealis (1.0%), impatiens (0.5%), bimaculatus (0.5%).Ê","50-53 degrees F, mostly cloudy.",11:00-5:00 pm,ternarius,0,0,na,1,0,1,highbush blueberry,nectaring,HW/LR,might have been collecting pollen but didn't hear any buzzing,0,0,0,0,clear,Sphaerularia Adult + juveniles,1,0,0,1,0,1,0,1,0,1,0,1,0,1,0,1,0,1,Not developed,0,0,0,,some of the circular things look like posible tracheal mites but they can also be sphaerularia balloons - amber says sphaer,,,Sperm present,sphaerularia is seen on all tissues,3.5,3.5,cloudy,crop and internal organs were shrinked by all of the sphaerularia juveniles surrounding them
ME19,20200613,Franklin,"Managed field with half mowed every other year to promote lowbush blueberry (Vacciniumspp.). Two-year-old side is dominated by blueberry in peak flower and grasses. Few other plants in bloom in meadow and bees were only seen using the blueberry. Bumble bees were all queens. Based on four counts of 50 bees randomly sampled they were as follows: ternarius (90.5%), perplexus (4.0%), terricola (2.0%), vagans/sandersoni (these should be definit4ely ID'ed by malar space etc.; 1.5%), borealis (1.0%), impatiens (0.5%), bimaculatus (0.5%).Ê","50-53 degrees F, mostly cloudy.",11:00-5:00 pm,ternarius,0,0,na,1,0,1,highbush blueberry,nectaring,HW/LR,might have been collecting pollen but didn't hear any buzzing,0,1 mite,0,one,clear,0,0,0,5.1,4,3.2,3,2.1,2,2.2,2,4.8,4,3.8,3,1.6,2,2.9,3,,0,0,0,,,,,Sperm present,,3.4,3.4,cloudy,
ME20,20200613,Franklin,"Managed field with half mowed every other year to promote lowbush blueberry (Vacciniumspp.). Two-year-old side is dominated by blueberry in peak flower and grasses. Few other plants in bloom in meadow and bees were only seen using the blueberry. Bumble bees were all queens. Based on four counts of 50 bees randomly sampled they were as follows: ternarius (90.5%), perplexus (4.0%), terricola (2.0%), vagans/sandersoni (these should be definit4ely ID'ed by malar space etc.; 1.5%), borealis (1.0%), impatiens (0.5%), bimaculatus (0.5%).Ê","50-53 degrees F, mostly cloudy.",11:00-5:00 pm,ternarius,0,0,na,1,0,1,highbush blueberry,nectaring,HW/LR,might have been collecting pollen but didn't hear any buzzing,0,0,0,0,clear,0,0,0,5,3,6.2,R,6.5,4,6.4,4,4.7,3,7.5,4,2.7,3,6,4,,0,0,0,,,,,Sperm present,,3.3,3.4,cloudy,
ME21,20200613,Franklin,"Managed field with half mowed every other year to promote lowbush blueberry (Vacciniumspp.). Two-year-old side is dominated by blueberry in peak flower and grasses. Few other plants in bloom in meadow and bees were only seen using the blueberry. Bumble bees were all queens. Based on four counts of 50 bees randomly sampled they were as follows: ternarius (90.5%), perplexus (4.0%), terricola (2.0%), vagans/sandersoni (these should be definit4ely ID'ed by malar space etc.; 1.5%), borealis (1.0%), impatiens (0.5%), bimaculatus (0.5%).Ê","50-53 degrees F, mostly cloudy.",11:00-5:00 pm,ternarius,0,1,zigzag flight ~6s,0,0,0,na,na,HW/LR,,0,0,0,0,"very full, clear",0,0,0,4.8,3,3.8,R,3.2,3,6.5,4,4.8,3,3.7,R,3,3,6,4,,0,0,0,,pollen,,,Sperm present,,3.6,3.6,cloudy,
ME22,20200613,Franklin,"Managed field with half mowed every other year to promote lowbush blueberry (Vacciniumspp.). Two-year-old side is dominated by blueberry in peak flower and grasses. Few other plants in bloom in meadow and bees were only seen using the blueberry. Bumble bees were all queens. Based on four counts of 50 bees randomly sampled they were as follows: ternarius (90.5%), perplexus (4.0%), terricola (2.0%), vagans/sandersoni (these should be definit4ely ID'ed by malar space etc.; 1.5%), borealis (1.0%), impatiens (0.5%), bimaculatus (0.5%).Ê","50-53 degrees F, mostly cloudy.",11:00-5:00 pm,ternarius,0,1,zigzag flight ~6s,0,0,0,na,na,HW/LR,,0,0,0,0,"full, clear",0,0,0,4.5,3,6.3,R,4.5,3,4.2,3,3.5,3,5.4,R,4,3,5.9,4,,0,0,0,,,,,Sperm present,,3.4,3.4,"yellow, cloudy",
ME23,20200613,Franklin,"Managed field with half mowed every other year to promote lowbush blueberry (Vacciniumspp.). Two-year-old side is dominated by blueberry in peak flower and grasses. Few other plants in bloom in meadow and bees were only seen using the blueberry. Bumble bees were all queens. Based on four counts of 50 bees randomly sampled they were as follows: ternarius (90.5%), perplexus (4.0%), terricola (2.0%), vagans/sandersoni (these should be definit4ely ID'ed by malar space etc.; 1.5%), borealis (1.0%), impatiens (0.5%), bimaculatus (0.5%).Ê","50-53 degrees F, mostly cloudy.",11:00-5:00 pm,ternarius,0,1,zigzag flight ~6s,0,0,0,na,na,HW/LR,,0,113 mites +,1,lots,clear,Sphaerularia Adult + juveniles,1,0,0,1,0,1,0,1,0,1,0,1,0,1,0,1,0,1,Not developed,0,0,0,on the sphaerularia there seems to be a mite ? - amber says nothing,,"apart from sphaerularia there is also another worm like parasite with a squared body? on notes, there was a plant fungus mentioned... over all FB is swollen",,Sperm present,sphaerularia is seen on all tissues,3.2,3.2,cloudy,forgot to take picture of the abdomen
ME24,20200613,Franklin,"Managed field with half mowed every other year to promote lowbush blueberry (Vacciniumspp.). Two-year-old side is dominated by blueberry in peak flower and grasses. Few other plants in bloom in meadow and bees were only seen using the blueberry. Bumble bees were all queens. Based on four counts of 50 bees randomly sampled they were as follows: ternarius (90.5%), perplexus (4.0%), terricola (2.0%), vagans/sandersoni (these should be definit4ely ID'ed by malar space etc.; 1.5%), borealis (1.0%), impatiens (0.5%), bimaculatus (0.5%).Ê","50-53 degrees F, mostly cloudy.",11:00-5:00 pm,ternarius,0,1,zigzag flight ~6s,0,0,0,na,na,HW/LR,,0,0,0,0,clear,0,0,0,4.5,3,6,R,4.7,4,4,3,5,4,4.6,3,4.5,3,4.6,3,,0,0,0,,,,,Sperm present,,3.7,3.7,cloudy,
ME25,20200613,Franklin,"Managed field with half mowed every other year to promote lowbush blueberry (Vacciniumspp.). Two-year-old side is dominated by blueberry in peak flower and grasses. Few other plants in bloom in meadow and bees were only seen using the blueberry. Bumble bees were all queens. Based on four counts of 50 bees randomly sampled they were as follows: ternarius (90.5%), perplexus (4.0%), terricola (2.0%), vagans/sandersoni (these should be definit4ely ID'ed by malar space etc.; 1.5%), borealis (1.0%), impatiens (0.5%), bimaculatus (0.5%).Ê","50-53 degrees F, mostly cloudy.",11:00-5:00 pm,ternarius,0,0,na,1,0,1,highbush blueberry,nectaring,HW/LR,might have been collecting pollen but didn't hear any buzzing,0,125 mites +,1,lots,"not full, clear","Sphaerularia eggs, juveniles, did not see adults.",1,0,0,1,0,1,0,1,0,1,0,1,0,1,0,1,0,1,Not developed,0,0,0,,,pollen or sphaerularia balloons?,,"Sperm present, there is also what seems to be a sphaerularia on the slide",sphaerularia is seen on all tissues,3.6,3.6,cloudy,oocytes are hard and purple
ME26,20200613,Franklin,"Managed field with half mowed every other year to promote lowbush blueberry (Vacciniumspp.). Two-year-old side is dominated by blueberry in peak flower and grasses. Few other plants in bloom in meadow and bees were only seen using the blueberry. Bumble bees were all queens. Based on four counts of 50 bees randomly sampled they were as follows: ternarius (90.5%), perplexus (4.0%), terricola (2.0%), vagans/sandersoni (these should be definit4ely ID'ed by malar space etc.; 1.5%), borealis (1.0%), impatiens (0.5%), bimaculatus (0.5%).Ê","50-53 degrees F, mostly cloudy.",11:00-5:00 pm,perplexus,0,0,na,1,0,1,highbush blueberry,nectaring,HW/LR,might have been collecting pollen but didn't hear any buzzing,0,0,0,0,clear,0,0,0,4.5,3,7,4,7.1,R,5.1,3,6.2,4,5.2,3,4.9,3,5.5,R,,0,0,0,,,,,Sperm present,,3.8,3.8,cloudy,
ME27,20200613,Franklin,"Managed field with half mowed every other year to promote lowbush blueberry (Vacciniumspp.). Two-year-old side is dominated by blueberry in peak flower and grasses. Few other plants in bloom in meadow and bees were only seen using the blueberry. Bumble bees were all queens. Based on four counts of 50 bees randomly sampled they were as follows: ternarius (90.5%), perplexus (4.0%), terricola (2.0%), vagans/sandersoni (these should be definit4ely ID'ed by malar space etc.; 1.5%), borealis (1.0%), impatiens (0.5%), bimaculatus (0.5%).Ê","50-53 degrees F, mostly cloudy.",11:00-5:00 pm,perplexus,0,0,na,1,0,1,highbush blueberry,nectaring,HW/LR,might have been collecting pollen but didn't hear any buzzing,0,2 mites,0,two,clear,0,0,0,6.7,4,5.5,3,6.6,4,6,R,5.5,4,1.6,2,5.2,4,4,3,,0,0,1?,"squared ""worm"" this again looks like the plant fungus mentioned on notes - amber says it stands out to her but she doesn't recognize it",,,,Sperm present,,3.9,3.9,cloudy,
ME28,20200613,Franklin,"Managed field with half mowed every other year to promote lowbush blueberry (Vacciniumspp.). Two-year-old side is dominated by blueberry in peak flower and grasses. Few other plants in bloom in meadow and bees were only seen using the blueberry. Bumble bees were all queens. Based on four counts of 50 bees randomly sampled they were as follows: ternarius (90.5%), perplexus (4.0%), terricola (2.0%), vagans/sandersoni (these should be definit4ely ID'ed by malar space etc.; 1.5%), borealis (1.0%), impatiens (0.5%), bimaculatus (0.5%).Ê","50-53 degrees F, mostly cloudy.",11:00-5:00 pm,perplexus,0,0,na,1,0,1,highbush blueberry,nectaring,HW/LR,might have been collecting pollen but didn't hear any buzzing,0,0,0,0,"shrinked, not full, clear",0,0,0,6.6,4,4.7,3,6.1,4,5.9,3,6,4,5.3,3,6.1,4,5.4,3,,0,0,0,,,,,Sperm present,,4.6,4.6,cloudy,
ME29,20200613,Franklin,"Managed field with half mowed every other year to promote lowbush blueberry (Vacciniumspp.). Two-year-old side is dominated by blueberry in peak flower and grasses. Few other plants in bloom in meadow and bees were only seen using the blueberry. Bumble bees were all queens. Based on four counts of 50 bees randomly sampled they were as follows: ternarius (90.5%), perplexus (4.0%), terricola (2.0%), vagans/sandersoni (these should be definit4ely ID'ed by malar space etc.; 1.5%), borealis (1.0%), impatiens (0.5%), bimaculatus (0.5%).Ê","50-53 degrees F, mostly cloudy.",11:00-5:00 pm,perplexus,0,0,na,1,0,1,highbush blueberry,nectaring,HW/LR,might have been collecting pollen but didn't hear any buzzing,0,0,0,0,"full, clear",Yes - amber says it's a metasomal air sac,0,0,5.9,R,6.2,4,6.2,4,6.2,R,1.7,2,1.7,2,5.5,4,6.7,R,,0,0,0,,,,,Sperm present,,4.6,4.6,cloudy,"Not sure what I.P is was, worm like"
ME30,20200613,Franklin,"Managed field with half mowed every other year to promote lowbush blueberry (Vacciniumspp.). Two-year-old side is dominated by blueberry in peak flower and grasses. Few other plants in bloom in meadow and bees were only seen using the blueberry. Bumble bees were all queens. Based on four counts of 50 bees randomly sampled they were as follows: ternarius (90.5%), perplexus (4.0%), terricola (2.0%), vagans/sandersoni (these should be definit4ely ID'ed by malar space etc.; 1.5%), borealis (1.0%), impatiens (0.5%), bimaculatus (0.5%).Ê","50-53 degrees F, mostly cloudy.",11:00-5:00 pm,ternarius,0,1,zigzag flight ~6s,0,0,0,na,na,HW/LR,,0,100s of mites,1,lots,clear,Sphaerularia Adult + juveniles,1,0,0,1,0,1,0,1,0,1,0,1,0,1,0,1,0,1,Not developed,0,0,0,,,,,Sperm present,sphaerularia is seen on all tissues,3.5,3.5,cloudy,
ME31,20200613,Franklin,"Managed field with half mowed every other year to promote lowbush blueberry (Vacciniumspp.). Two-year-old side is dominated by blueberry in peak flower and grasses. Few other plants in bloom in meadow and bees were only seen using the blueberry. Bumble bees were all queens. Based on four counts of 50 bees randomly sampled they were as follows: ternarius (90.5%), perplexus (4.0%), terricola (2.0%), vagans/sandersoni (these should be definit4ely ID'ed by malar space etc.; 1.5%), borealis (1.0%), impatiens (0.5%), bimaculatus (0.5%).Ê","50-53 degrees F, mostly cloudy.",11:00-5:00 pm,perplexus,0,0,na,1,0,1,highbush blueberry,nectaring,HW/LR,might have been collecting pollen but didn't hear any buzzing,0,100s of mites,1,lots,clear,Sphaerularia Adult + juvenile and eggs,1,0,5,R,4.5,3,6.6,3,5.6,3,5.7,3,7.4,4,5.2,R,6.5,R,"developed but very damaged. hard to stage. The worm was tied around, lots of eggs deposited there",0,0,0,pollen,,"swollen, but it's too blurry to say it has nosema",,Sperm present,,4.4,4.4,cloudy,
ME32,20200613,Franklin,"Managed field with half mowed every other year to promote lowbush blueberry (Vacciniumspp.). Two-year-old side is dominated by blueberry in peak flower and grasses. Few other plants in bloom in meadow and bees were only seen using the blueberry. Bumble bees were all queens. Based on four counts of 50 bees randomly sampled they were as follows: ternarius (90.5%), perplexus (4.0%), terricola (2.0%), vagans/sandersoni (these should be definit4ely ID'ed by malar space etc.; 1.5%), borealis (1.0%), impatiens (0.5%), bimaculatus (0.5%).Ê","50-53 degrees F, mostly cloudy.",11:00-5:00 pm,perplexus,0,0,na,1,0,1,highbush blueberry,nectaring,HW/LR,might have been collecting pollen but didn't hear any buzzing,0,100s of mites,1,lots,clear,0,0,0,1.8,2,3.3,3,2.7,2,2.2,1,3.9,4,2,2,4.2,R,3.4,R,,0,0,0,"it could be just one sphaerularia, IVT32 M2 shows what could be a mite? - amber says nothing",,,,Sperm present,,4.5,4.5,cloudy,crop and internal organs were shrinked by all of the sphaerularia juveniles surrounding them
ME33,20200613,Franklin,"Managed field with half mowed every other year to promote lowbush blueberry (Vacciniumspp.). Two-year-old side is dominated by blueberry in peak flower and grasses. Few other plants in bloom in meadow and bees were only seen using the blueberry. Bumble bees were all queens. Based on four counts of 50 bees randomly sampled they were as follows: ternarius (90.5%), perplexus (4.0%), terricola (2.0%), vagans/sandersoni (these should be definit4ely ID'ed by malar space etc.; 1.5%), borealis (1.0%), impatiens (0.5%), bimaculatus (0.5%).Ê","50-53 degrees F, mostly cloudy.",11:00-5:00 pm,perplexus,0,0,na,1,0,1,highbush blueberry,nectaring,HW/LR,might have been collecting pollen but didn't hear any buzzing,0,"2 adult mites, 100s of mites",1,lots,"very full, clear",eggs? - amber says possible L. buchneri; possible baby nematodes,0,2?,2,2,1.7,2,4.6,3,4,3,2,2,1,1,3.5,3,3,2,oc 2 is yellow,0,0,0,,,mite adult?,,I don't think I dissected the spermatheca,,4.3,4.3,cloudy,"a lot of fat body, oil all over the body, crop had a hole shape"
ME34,20200613,Franklin,"Managed field with half mowed every other year to promote lowbush blueberry (Vacciniumspp.). Two-year-old side is dominated by blueberry in peak flower and grasses. Few other plants in bloom in meadow and bees were only seen using the blueberry. Bumble bees were all queens. Based on four counts of 50 bees randomly sampled they were as follows: ternarius (90.5%), perplexus (4.0%), terricola (2.0%), vagans/sandersoni (these should be definit4ely ID'ed by malar space etc.; 1.5%), borealis (1.0%), impatiens (0.5%), bimaculatus (0.5%).Ê","50-53 degrees F, mostly cloudy.",11:00-5:00 pm,perplexus,0,0,na,1,0,1,highbush blueberry,nectaring,HW/LR,might have been collecting pollen but didn't hear any buzzing,0,0,0,0,clear,0,0,0,7,4,6,3,7.5,4,7.5,4,5.8,3,7.6,4,3.6,R,5.9,4,,0,0,0,,these could be mites eggs but can also be pollen?,,,"Sperm present, there might be a mite-immature floating in there",,4.5,4.5,cloudy,
ME35,20200613,Franklin,"Managed field with half mowed every other year to promote lowbush blueberry (Vacciniumspp.). Two-year-old side is dominated by blueberry in peak flower and grasses. Few other plants in bloom in meadow and bees were only seen using the blueberry. Bumble bees were all queens. Based on four counts of 50 bees randomly sampled they were as follows: ternarius (90.5%), perplexus (4.0%), terricola (2.0%), vagans/sandersoni (these should be definit4ely ID'ed by malar space etc.; 1.5%), borealis (1.0%), impatiens (0.5%), bimaculatus (0.5%).Ê","50-53 degrees F, mostly cloudy.",11:00-5:00 pm,perplexus,0,0,na,1,0,1,highbush blueberry,nectaring,HW/LR,might have been collecting pollen but didn't hear any buzzing,0,0,0,0,"clody, white",0,0,0,3,R,4,R,7.4,4,4.5,R,6.7,4,2.1,R,6.1,4,6.6,4,,0,0,0,"IVT35 M this seems to be a egg of something?; IVT35 M2 look two small to be mites, so probably is pollen even though they were concentrated just on that part of the midgut - amber says probs a malpighian tubule",,,,Sperm present,,4.7,4.7,cloudy,
ME36,20200613,Franklin,"Managed field with half mowed every other year to promote lowbush blueberry (Vacciniumspp.). Two-year-old side is dominated by blueberry in peak flower and grasses. Few other plants in bloom in meadow and bees were only seen using the blueberry. Bumble bees were all queens. Based on four counts of 50 bees randomly sampled they were as follows: ternarius (90.5%), perplexus (4.0%), terricola (2.0%), vagans/sandersoni (these should be definit4ely ID'ed by malar space etc.; 1.5%), borealis (1.0%), impatiens (0.5%), bimaculatus (0.5%).Ê","50-53 degrees F, mostly cloudy.",11:00-5:00 pm,perplexus,1,0,na,1,0,0,highbush blueberry,looked to be nectaring,HW/LR,might have been collecting pollen but didn't hear any buzzing,1,1 mite,0,one,clear,0,0,0,6,4,5.4,4,6.2,4,5.9,R,5.7,4,4.8,4,5.1,R,5.2,4,,0,0,0,,,,,Sperm present,,4,4,cloudy,
ME37,20200613,Franklin,"Managed field with half mowed every other year to promote lowbush blueberry (Vacciniumspp.). Two-year-old side is dominated by blueberry in peak flower and grasses. Few other plants in bloom in meadow and bees were only seen using the blueberry. Bumble bees were all queens. Based on four counts of 50 bees randomly sampled they were as follows: ternarius (90.5%), perplexus (4.0%), terricola (2.0%), vagans/sandersoni (these should be definit4ely ID'ed by malar space etc.; 1.5%), borealis (1.0%), impatiens (0.5%), bimaculatus (0.5%).Ê","50-53 degrees F, mostly cloudy.",11:00-5:00 pm,perplexus,1,0,na,1,0,0,highbush blueberry,looked to be nectaring,HW/LR,might have been collecting pollen but didn't hear any buzzing,1,0,0,0,"empty, clear",0,0,0,4.3,4,2.5,2,5.8,4,5,4,6,4,2.6,2,2.2,2,5.5,3,,0,0,0,,,,,Sperm present,,4.1,4.1,cloudy,very little pollen
ME38,20200613,Franklin,"Managed field with half mowed every other year to promote lowbush blueberry (Vacciniumspp.). Two-year-old side is dominated by blueberry in peak flower and grasses. Few other plants in bloom in meadow and bees were only seen using the blueberry. Bumble bees were all queens. Based on four counts of 50 bees randomly sampled they were as follows: ternarius (90.5%), perplexus (4.0%), terricola (2.0%), vagans/sandersoni (these should be definit4ely ID'ed by malar space etc.; 1.5%), borealis (1.0%), impatiens (0.5%), bimaculatus (0.5%).Ê","50-53 degrees F, mostly cloudy.",11:00-5:00 pm,perplexus,0,0,na,1,0,1,highbush blueberry,nectaring,HW/LR,might have been collecting pollen but didn't hear any buzzing,0,1 mite,0,one,clear,0,0,0,4,3,6.2,4,5.1,4,4.5,3,3.5,3,4.4,3,1.5,2,6,4,,0,0,0,,,,,Sperm present,,4,4,cloudy,didn't see anu pollen on bee nor toob
ME39,20200613,Franklin,"Managed field with half mowed every other year to promote lowbush blueberry (Vacciniumspp.). Two-year-old side is dominated by blueberry in peak flower and grasses. Few other plants in bloom in meadow and bees were only seen using the blueberry. Bumble bees were all queens. Based on four counts of 50 bees randomly sampled they were as follows: ternarius (90.5%), perplexus (4.0%), terricola (2.0%), vagans/sandersoni (these should be definit4ely ID'ed by malar space etc.; 1.5%), borealis (1.0%), impatiens (0.5%), bimaculatus (0.5%).Ê","50-53 degrees F, mostly cloudy.",11:00-5:00 pm,perplexus,0,0,na,1,0,1,highbush blueberry,nectaring,HW/LR,might have been collecting pollen but didn't hear any buzzing,0,1 mite,0,one,"empty, clear",0,0,0,5.3,4,4,3,6,4,4.9,3,6.3,4,6,4,4.4,3,4.6,3,,0,0,0,,,,,Sperm present,,3.7,3.7,cloudy,
ME40,20200613,Franklin,"Managed field with half mowed every other year to promote lowbush blueberry (Vacciniumspp.). Two-year-old side is dominated by blueberry in peak flower and grasses. Few other plants in bloom in meadow and bees were only seen using the blueberry. Bumble bees were all queens. Based on four counts of 50 bees randomly sampled they were as follows: ternarius (90.5%), perplexus (4.0%), terricola (2.0%), vagans/sandersoni (these should be definit4ely ID'ed by malar space etc.; 1.5%), borealis (1.0%), impatiens (0.5%), bimaculatus (0.5%).Ê","50-53 degrees F, mostly cloudy.",11:00-5:00 pm,perplexus,0,0,na,1,0,1,highbush blueberry,nectaring,HW/LR,might have been collecting pollen but didn't hear any buzzing,0,2 + 100s of mites; globular springtail (family: sminthuridae),1,few,clear,0,0,0,1.5,2,1.9,3,2.5,3,2.7,3,2,2,2.2,2,3.2,3,1.5,2,,0,0,0,,hair or worm video?,,,Sperm present,,4.5,4.5,cloudy,a lot of fat body
ME41,20200613,Franklin,"Managed field with half mowed every other year to promote lowbush blueberry (Vacciniumspp.). Two-year-old side is dominated by blueberry in peak flower and grasses. Few other plants in bloom in meadow and bees were only seen using the blueberry. Bumble bees were all queens. Based on four counts of 50 bees randomly sampled they were as follows: ternarius (90.5%), perplexus (4.0%), terricola (2.0%), vagans/sandersoni (these should be definit4ely ID'ed by malar space etc.; 1.5%), borealis (1.0%), impatiens (0.5%), bimaculatus (0.5%).Ê","50-53 degrees F, mostly cloudy.",11:00-5:00 pm,perplexus,1,0,na,1,0,0,highbush blueberry,looked to be nectaring,HW/LR,might have been collecting pollen but didn't hear any buzzing,1,0,0,0,clear,0,0,0,4.9,3,4,4,5.5,4,4.5,4,6,4,5,4,6.3,4,5.5,R,,0,0,0,,,,,Sperm present,,4.5,4.5,cloudy,little pollen
ME42,20200613,Franklin,"Managed field with half mowed every other year to promote lowbush blueberry (Vacciniumspp.). Two-year-old side is dominated by blueberry in peak flower and grasses. Few other plants in bloom in meadow and bees were only seen using the blueberry. Bumble bees were all queens. Based on four counts of 50 bees randomly sampled they were as follows: ternarius (90.5%), perplexus (4.0%), terricola (2.0%), vagans/sandersoni (these should be definit4ely ID'ed by malar space etc.; 1.5%), borealis (1.0%), impatiens (0.5%), bimaculatus (0.5%).Ê","50-53 degrees F, mostly cloudy.",11:00-5:00 pm,perplexus,1,0,na,1,0,0,highbush blueberry,looked to be nectaring,HW/LR,might have been collecting pollen but didn't hear any buzzing,1,0,0,0,"not full, clear",Sphaerularia Adult,1,0,7.5,R,4.5,3,5.4,4,5.3,3,4.2,3,6,4,4.2,3,6.8,4,,0,0,0,,pollen,swollen,,Sperm present,,3.9,3.9,cloudy,I.P.2 attached to venum sack
ME43,20200613,Franklin,"Managed field with half mowed every other year to promote lowbush blueberry (Vacciniumspp.). Two-year-old side is dominated by blueberry in peak flower and grasses. Few other plants in bloom in meadow and bees were only seen using the blueberry. Bumble bees were all queens. Based on four counts of 50 bees randomly sampled they were as follows: ternarius (90.5%), perplexus (4.0%), terricola (2.0%), vagans/sandersoni (these should be definit4ely ID'ed by malar space etc.; 1.5%), borealis (1.0%), impatiens (0.5%), bimaculatus (0.5%).Ê","50-53 degrees F, mostly cloudy.",11:00-5:00 pm,perplexus,1,0,na,1,0,0,highbush blueberry,looked to be nectaring,HW/LR,might have been collecting pollen but didn't hear any buzzing,1,0,0,0,clear,yes? - amber says nothing strikes here here,0,0,4.7,3,5.5,4,2.5,3,3,3,4.1,3,4.2,3,5.2,3,5.4,R,brown/purple color,0,0,0,,"it doesn't look too much the the pollen I usually see to that makes me think this can be mites, but it's hard to tale because I don't see anything inside os it's probably just pollen? - amber says pollen",,,Sperm present,,4.1,4.1,cloudy,white pebbles in fat body. interior looks brown
ME44,20200613,Franklin,"Managed field with half mowed every other year to promote lowbush blueberry (Vacciniumspp.). Two-year-old side is dominated by blueberry in peak flower and grasses. Few other plants in bloom in meadow and bees were only seen using the blueberry. Bumble bees were all queens. Based on four counts of 50 bees randomly sampled they were as follows: ternarius (90.5%), perplexus (4.0%), terricola (2.0%), vagans/sandersoni (these should be definit4ely ID'ed by malar space etc.; 1.5%), borealis (1.0%), impatiens (0.5%), bimaculatus (0.5%).Ê","50-53 degrees F, mostly cloudy.",11:00-5:00 pm,perplexus,1,0,na,1,0,0,highbush blueberry,looked to be nectaring,HW/LR,might have been collecting pollen but didn't hear any buzzing,1,0,0,0,clear,0,0,0,5.5,3,6.3,4,4.7,3,4.4,3,6.2,4,5.6,3,4.6,3,4.6,3,,0,0,0,,,,,Sperm present,,4.5,4.5,cloudy,
ME45,20200613,Franklin,"Managed field with half mowed every other year to promote lowbush blueberry (Vacciniumspp.). Two-year-old side is dominated by blueberry in peak flower and grasses. Few other plants in bloom in meadow and bees were only seen using the blueberry. Bumble bees were all queens. Based on four counts of 50 bees randomly sampled they were as follows: ternarius (90.5%), perplexus (4.0%), terricola (2.0%), vagans/sandersoni (these should be definit4ely ID'ed by malar space etc.; 1.5%), borealis (1.0%), impatiens (0.5%), bimaculatus (0.5%).Ê","50-53 degrees F, mostly cloudy.",11:00-5:00 pm,perplexus,1,0,na,1,0,0,highbush blueberry,looked to be nectaring,HW/LR,might have been collecting pollen but didn't hear any buzzing,1,1 mite,0,one,clear,0,0,0,5.7,4,5,4,6.1,4,6,4,3.3,3,2.7,3,5.6,3,3.8,3,,0,0,0,,,,,Sperm present,,3.2,3.2,cloudy,
ME46,20200613,Franklin,"Managed field with half mowed every other year to promote lowbush blueberry (Vacciniumspp.). Two-year-old side is dominated by blueberry in peak flower and grasses. Few other plants in bloom in meadow and bees were only seen using the blueberry. Bumble bees were all queens. Based on four counts of 50 bees randomly sampled they were as follows: ternarius (90.5%), perplexus (4.0%), terricola (2.0%), vagans/sandersoni (these should be definit4ely ID'ed by malar space etc.; 1.5%), borealis (1.0%), impatiens (0.5%), bimaculatus (0.5%).Ê","50-53 degrees F, mostly cloudy.",11:00-5:00 pm,vagans,1,0,na,1,0,0,highbush blueberry,looked to be nectaring,HW/LR,might have been collecting pollen but didn't hear any buzzing,1,5 mites,0,five,"full, clear",0,0,0,5.5,4,3,R,2.8,R,4,3,2.1,2,1.3,2,3.1,3,2.2,2,all oc on the bottom were empty,0,0,0,,,"it might be a sphaerularia, not sure because it's the only one I see and only on this tissue - amber isn't sure. could be an artifact of the slide?",,Sperm present,,3.1,3.1,cloudy,
ME47,20200613,Franklin,"Managed field with half mowed every other year to promote lowbush blueberry (Vacciniumspp.). Two-year-old side is dominated by blueberry in peak flower and grasses. Few other plants in bloom in meadow and bees were only seen using the blueberry. Bumble bees were all queens. Based on four counts of 50 bees randomly sampled they were as follows: ternarius (90.5%), perplexus (4.0%), terricola (2.0%), vagans/sandersoni (these should be definit4ely ID'ed by malar space etc.; 1.5%), borealis (1.0%), impatiens (0.5%), bimaculatus (0.5%).Ê","50-53 degrees F, mostly cloudy.",11:00-5:00 pm,vagans,1,0,na,1,0,0,highbush blueberry,looked to be nectaring,HW/LR,might have been collecting pollen but didn't hear any buzzing,0,0,0,0,clear,0,0,0,3,2,4.5,3,5.3,4,5.7,4,4.4,3,5.7,4,4,3,5,3,,0,0,0,,,,,Sperm present,,2.9,2.9,cloudy,"Extrimly little pollen, I added some pictures"
ME48,20200613,Franklin,"Managed field with half mowed every other year to promote lowbush blueberry (Vacciniumspp.). Two-year-old side is dominated by blueberry in peak flower and grasses. Few other plants in bloom in meadow and bees were only seen using the blueberry. Bumble bees were all queens. Based on four counts of 50 bees randomly sampled they were as follows: ternarius (90.5%), perplexus (4.0%), terricola (2.0%), vagans/sandersoni (these should be definit4ely ID'ed by malar space etc.; 1.5%), borealis (1.0%), impatiens (0.5%), bimaculatus (0.5%).Ê","50-53 degrees F, mostly cloudy.",11:00-5:00 pm,vagans,1,0,na,1,0,0,highbush blueberry,looked to be nectaring,HW/LR,might have been collecting pollen but didn't hear any buzzing,1,2mites,0,one,clear,0,0,0,3.9,3,3.8,3,0.6,1,0.6,1,2.5,3,2.5,3,3.5,3,4,3,,0,0,0,"again, not sure if its only pollen?","again, not sure if its only pollen?",,,Sperm present,,3.1,3.1,cloudy,
ME49,20200613,Franklin,"Managed field with half mowed every other year to promote lowbush blueberry (Vacciniumspp.). Two-year-old side is dominated by blueberry in peak flower and grasses. Few other plants in bloom in meadow and bees were only seen using the blueberry. Bumble bees were all queens. Based on four counts of 50 bees randomly sampled they were as follows: ternarius (90.5%), perplexus (4.0%), terricola (2.0%), vagans/sandersoni (these should be definit4ely ID'ed by malar space etc.; 1.5%), borealis (1.0%), impatiens (0.5%), bimaculatus (0.5%).Ê","50-53 degrees F, mostly cloudy.",11:00-5:00 pm,vagans,1,0,na,1,0,0,highbush blueberry,looked to be nectaring,HW/LR,might have been collecting pollen but didn't hear any buzzing,1,0,0,0,clear,0,0,0,5.1,4,5.6,4,5.9,4,3,3,3.7,3,6,4,6.2,4,5.3,4,,0,0,0,,,,,Sperm present,,3.1,3.1,cloudy,
ME50,20200613,Franklin,"Managed field with half mowed every other year to promote lowbush blueberry (Vacciniumspp.). Two-year-old side is dominated by blueberry in peak flower and grasses. Few other plants in bloom in meadow and bees were only seen using the blueberry. Bumble bees were all queens. Based on four counts of 50 bees randomly sampled they were as follows: ternarius (90.5%), perplexus (4.0%), terricola (2.0%), vagans/sandersoni (these should be definit4ely ID'ed by malar space etc.; 1.5%), borealis (1.0%), impatiens (0.5%), bimaculatus (0.5%).Ê","50-53 degrees F, mostly cloudy.",11:00-5:00 pm,perplexus,1,0,na,1,0,0,highbush blueberry,looked to be nectaring,HW/LR,might have been collecting pollen but didn't hear any buzzing,1,0,0,0,clear,0,0,0,3.7,3,3,3,3.5,3,1.8,2,3,3,5.7,4,1.7,2,0.7,1,,0,0,0,,,,,Sperm present,,4.4,4.4,cloudy,
ME51,20200613,Franklin,"Managed field with half mowed every other year to promote lowbush blueberry (Vacciniumspp.). Two-year-old side is dominated by blueberry in peak flower and grasses. Few other plants in bloom in meadow and bees were only seen using the blueberry. Bumble bees were all queens. Based on four counts of 50 bees randomly sampled they were as follows: ternarius (90.5%), perplexus (4.0%), terricola (2.0%), vagans/sandersoni (these should be definit4ely ID'ed by malar space etc.; 1.5%), borealis (1.0%), impatiens (0.5%), bimaculatus (0.5%).Ê","50-53 degrees F, mostly cloudy.",11:00-5:00 pm,vagans,0,0,na,1,0,1,highbush blueberry,nectaring,HW/LR,might have been collecting pollen but didn't hear any buzzing,0,globular springtail (family: sminthuridae),0,0,clear,0,0,0,2.2,2,5.8,4,0.8,1,2.4,2,5.3,4,5.8,4,4.6,3,2.4,2,,0,0,0,,,,,no sperm,,3,3,cloudy,E.P. looks like a grasshopper
ME52,20200613,Franklin,"Managed field with half mowed every other year to promote lowbush blueberry (Vacciniumspp.). Two-year-old side is dominated by blueberry in peak flower and grasses. Few other plants in bloom in meadow and bees were only seen using the blueberry. Bumble bees were all queens. Based on four counts of 50 bees randomly sampled they were as follows: ternarius (90.5%), perplexus (4.0%), terricola (2.0%), vagans/sandersoni (these should be definit4ely ID'ed by malar space etc.; 1.5%), borealis (1.0%), impatiens (0.5%), bimaculatus (0.5%).Ê","50-53 degrees F, mostly cloudy.",11:00-5:00 pm,vagans,0,0,na,1,0,1,highbush blueberry,nectaring,HW/LR,might have been collecting pollen but didn't hear any buzzing,1,0,0,0,clear,0,0,0,4.6,3,3.5,2,5.7,R,5.2,4,2,2,3,2,5.3,4,4,3,,0,0,0,,,,,Sperm present,,3.1,3.1,cloudy,
ME53,20200613,Franklin,"Managed field with half mowed every other year to promote lowbush blueberry (Vacciniumspp.). Two-year-old side is dominated by blueberry in peak flower and grasses. Few other plants in bloom in meadow and bees were only seen using the blueberry. Bumble bees were all queens. Based on four counts of 50 bees randomly sampled they were as follows: ternarius (90.5%), perplexus (4.0%), terricola (2.0%), vagans/sandersoni (these should be definit4ely ID'ed by malar space etc.; 1.5%), borealis (1.0%), impatiens (0.5%), bimaculatus (0.5%).Ê","50-53 degrees F, mostly cloudy.",11:00-5:00 pm,vagans,1,0,na,1,0,0,highbush blueberry,looked to be nectaring,HW/LR,might have been collecting pollen but didn't hear any buzzing,1,0,0,0,clear,0,0,0,5,4,4.9,4,4,3,2.8,3,4.9,4,5.7,4,3.4,R,3.6,3,,0,0,0,,,swollen,,Sperm present,,3.1,3.1,cloudy,"small bee, little pollen"
ME54,20200613,Franklin,"Managed field with half mowed every other year to promote lowbush blueberry (Vacciniumspp.). Two-year-old side is dominated by blueberry in peak flower and grasses. Few other plants in bloom in meadow and bees were only seen using the blueberry. Bumble bees were all queens. Based on four counts of 50 bees randomly sampled they were as follows: ternarius (90.5%), perplexus (4.0%), terricola (2.0%), vagans/sandersoni (these should be definit4ely ID'ed by malar space etc.; 1.5%), borealis (1.0%), impatiens (0.5%), bimaculatus (0.5%).Ê","50-53 degrees F, mostly cloudy.",11:00-5:00 pm,vagans,1,0,na,1,0,0,highbush blueberry,looked to be nectaring,HW/LR,might have been collecting pollen but didn't hear any buzzing,1,0,0,0,clear,0,0,0,5.4,4,5.9,4,5.4,4,5.9,4,6.2,4,5.6,4,6.2,4,6.4,4,,0,0,0,,,,,Sperm present,,3.2,3.2,cloudy,little pollen
ME55,20200613,Franklin,"Managed field with half mowed every other year to promote lowbush blueberry (Vacciniumspp.). Two-year-old side is dominated by blueberry in peak flower and grasses. Few other plants in bloom in meadow and bees were only seen using the blueberry. Bumble bees were all queens. Based on four counts of 50 bees randomly sampled they were as follows: ternarius (90.5%), perplexus (4.0%), terricola (2.0%), vagans/sandersoni (these should be definit4ely ID'ed by malar space etc.; 1.5%), borealis (1.0%), impatiens (0.5%), bimaculatus (0.5%).Ê","50-53 degrees F, mostly cloudy.",11:00-5:00 pm,vagans,1,0,na,1,0,0,highbush blueberry,looked to be nectaring,HW/LR,might have been collecting pollen but didn't hear any buzzing,1,1?,0,0,"not full, clear",0,0,0,3.3,3,3.5,3,0.8,1,1.2,1,4,3,1.2,1,1.3,1,1.6,2,,0,0,0,,,,,didn't dissect spermatheca,,3.1,3.1,NA,"didn't see spermatheca, E.P. looks like a grasshopper"
ME56,20200613,Franklin,"Managed field with half mowed every other year to promote lowbush blueberry (Vacciniumspp.). Two-year-old side is dominated by blueberry in peak flower and grasses. Few other plants in bloom in meadow and bees were only seen using the blueberry. Bumble bees were all queens. Based on four counts of 50 bees randomly sampled they were as follows: ternarius (90.5%), perplexus (4.0%), terricola (2.0%), vagans/sandersoni (these should be definit4ely ID'ed by malar space etc.; 1.5%), borealis (1.0%), impatiens (0.5%), bimaculatus (0.5%).Ê","50-53 degrees F, mostly cloudy.",11:00-5:00 pm,vagans,0,0,na,1,0,1,highbush blueberry,nectaring,HW/LR,might have been collecting pollen but didn't hear any buzzing,0,1 mite,0,one,clear,0,0,0,5,4,3.2,3,NA,NA,NA,NA,3.2,3,5.1,4,5.4,4,4.5,3,not developed,0,0,0,,,,,Sperm present,,3.2,3.2,cloudy,
ME57,20200613,Franklin,"Managed field with half mowed every other year to promote lowbush blueberry (Vacciniumspp.). Two-year-old side is dominated by blueberry in peak flower and grasses. Few other plants in bloom in meadow and bees were only seen using the blueberry. Bumble bees were all queens. Based on four counts of 50 bees randomly sampled they were as follows: ternarius (90.5%), perplexus (4.0%), terricola (2.0%), vagans/sandersoni (these should be definit4ely ID'ed by malar space etc.; 1.5%), borealis (1.0%), impatiens (0.5%), bimaculatus (0.5%).Ê","50-53 degrees F, mostly cloudy.",11:00-5:00 pm,vagans,0,0,na,1,0,1,highbush blueberry,nectaring,HW/LR,might have been collecting pollen but didn't hear any buzzing,0,0,0,0,clear,0,0,0,4.9,4,4.4,3,4.1,3,6,4,5,4,4.5,3,5.1,4,4.2,3,,0,0,0,,,,,Sperm present,,3.2,3.2,cloudy,
ME58,20200613,Franklin,"Managed field with half mowed every other year to promote lowbush blueberry (Vacciniumspp.). Two-year-old side is dominated by blueberry in peak flower and grasses. Few other plants in bloom in meadow and bees were only seen using the blueberry. Bumble bees were all queens. Based on four counts of 50 bees randomly sampled they were as follows: ternarius (90.5%), perplexus (4.0%), terricola (2.0%), vagans/sandersoni (these should be definit4ely ID'ed by malar space etc.; 1.5%), borealis (1.0%), impatiens (0.5%), bimaculatus (0.5%).Ê","50-53 degrees F, mostly cloudy.",11:00-5:00 pm,vagans,0,0,na,1,0,1,highbush blueberry,nectaring,HW/LR,might have been collecting pollen but didn't hear any buzzing,0,1 mite,0,one,clear,0,0,0,4,3,5.5,4,4.1,3,4.9,3,3.5,3,5.5,4,6.2,4,6.4,4,,0,0,0,,,,,Sperm present,,3.1,3.1,cloudy,
ME59,20200613,Franklin,"Managed field with half mowed every other year to promote lowbush blueberry (Vacciniumspp.). Two-year-old side is dominated by blueberry in peak flower and grasses. Few other plants in bloom in meadow and bees were only seen using the blueberry. Bumble bees were all queens. Based on four counts of 50 bees randomly sampled they were as follows: ternarius (90.5%), perplexus (4.0%), terricola (2.0%), vagans/sandersoni (these should be definit4ely ID'ed by malar space etc.; 1.5%), borealis (1.0%), impatiens (0.5%), bimaculatus (0.5%).Ê","50-53 degrees F, mostly cloudy.",11:00-5:00 pm,vagans,0,0,na,1,0,1,highbush blueberry,nectaring,HW/LR,might have been collecting pollen but didn't hear any buzzing,0,0,0,0,clear,0,0,0,3.5,3,3.2,R,5,4,1.1,1,2.3,3,1.8,2,3.2,3,3.4,3,,0,0,0,,,very swollen,,Sperm present,,3.1,3.1,cloudy,
ME60,20200613,Franklin,"Managed field with half mowed every other year to promote lowbush blueberry (Vacciniumspp.). Two-year-old side is dominated by blueberry in peak flower and grasses. Few other plants in bloom in meadow and bees were only seen using the blueberry. Bumble bees were all queens. Based on four counts of 50 bees randomly sampled they were as follows: ternarius (90.5%), perplexus (4.0%), terricola (2.0%), vagans/sandersoni (these should be definit4ely ID'ed by malar space etc.; 1.5%), borealis (1.0%), impatiens (0.5%), bimaculatus (0.5%).Ê","50-53 degrees F, mostly cloudy.",11:00-5:00 pm,vagans,0,0,na,1,0,1,highbush blueberry,nectaring,HW/LR,might have been collecting pollen but didn't hear any buzzing,0,22+ mites,1,med,clear,0,0,0,6.2,4,6,4,4,3,5.4,4,5.4,4,5,4,4.4,3,4.1,3,,0,0,0,,,,,Sperm present,,3.2,3.2,cloudy,not sure if what I placed in slide was the actual spermatheca
ME61,20200613,Franklin,"Managed field with half mowed every other year to promote lowbush blueberry (Vacciniumspp.). Two-year-old side is dominated by blueberry in peak flower and grasses. Few other plants in bloom in meadow and bees were only seen using the blueberry. Bumble bees were all queens. Based on four counts of 50 bees randomly sampled they were as follows: ternarius (90.5%), perplexus (4.0%), terricola (2.0%), vagans/sandersoni (these should be definit4ely ID'ed by malar space etc.; 1.5%), borealis (1.0%), impatiens (0.5%), bimaculatus (0.5%).Ê","50-53 degrees F, mostly cloudy.",11:00-5:00 pm,bimaculatus,0,0,na,1,0,1,highbush blueberry,nectaring,HW/LR,might have been collecting pollen but didn't hear any buzzing,0,0,0,0,clear,0,0,0,4.1,3,3.5,3,7.2,4,5,R,3,R,6.2,4,4.5,R,4.1,3,,0,0,0,,,brown color,,Sperm present,,4,4,cloudy,
ME62,20200613,Franklin,"Managed field with half mowed every other year to promote lowbush blueberry (Vacciniumspp.). Two-year-old side is dominated by blueberry in peak flower and grasses. Few other plants in bloom in meadow and bees were only seen using the blueberry. Bumble bees were all queens. Based on four counts of 50 bees randomly sampled they were as follows: ternarius (90.5%), perplexus (4.0%), terricola (2.0%), vagans/sandersoni (these should be definit4ely ID'ed by malar space etc.; 1.5%), borealis (1.0%), impatiens (0.5%), bimaculatus (0.5%).Ê","50-53 degrees F, mostly cloudy.",11:00-5:00 pm,sandersoni,1,0,na,1,0,0,highbush blueberry,looked to be nectaring,HW/LR,might have been collecting pollen but didn't hear any buzzing,1,0,0,0,clear,0,0,0,2.3,3,4.2,4,4.2,4,2.5,3,3.5,3,1.8,2,4.1,4,1.3,2,,0,0,0,"circular figures, I think its pollen",,,,Sperm present,,4.3,4.3,cloudy,
ME63,20200613,Franklin,"Managed field with half mowed every other year to promote lowbush blueberry (Vacciniumspp.). Two-year-old side is dominated by blueberry in peak flower and grasses. Few other plants in bloom in meadow and bees were only seen using the blueberry. Bumble bees were all queens. Based on four counts of 50 bees randomly sampled they were as follows: ternarius (90.5%), perplexus (4.0%), terricola (2.0%), vagans/sandersoni (these should be definit4ely ID'ed by malar space etc.; 1.5%), borealis (1.0%), impatiens (0.5%), bimaculatus (0.5%).Ê","50-53 degrees F, mostly cloudy.",11:00-5:00 pm,impatiens,0,0,na,1,0,1,highbush blueberry,nectaring,HW/LR,might have been collecting pollen but didn't hear any buzzing,0,0,0,0,clear,0,0,0,6.8,4,5.2,4,7.9,4,7.3,4,6.5,4,7.5,4,4.2,3,4.8,3,8.6 4 : had 5 ovaries,0,0,0,,,,,Sperm present,,4.1,4.2,cloudy,
ME64,20200613,Franklin,"Managed field with half mowed every other year to promote lowbush blueberry (Vacciniumspp.). Two-year-old side is dominated by blueberry in peak flower and grasses. Few other plants in bloom in meadow and bees were only seen using the blueberry. Bumble bees were all queens. Based on four counts of 50 bees randomly sampled they were as follows: ternarius (90.5%), perplexus (4.0%), terricola (2.0%), vagans/sandersoni (these should be definit4ely ID'ed by malar space etc.; 1.5%), borealis (1.0%), impatiens (0.5%), bimaculatus (0.5%).Ê","50-53 degrees F, mostly cloudy.",11:00-5:00 pm,impatiens,0,0,na,1,0,1,highbush blueberry,nectaring,HW/LR,might have been collecting pollen but didn't hear any buzzing,0,1 mite,0,one,clear,0,0,0,5.8,4,4.2,3,4,3,5,4,4.9,4,4.2,3,6.5,4,4,3,,0,0,0,,next to the pollen there is a yellow figure that might be a mite,"too small to say its a microparasite, but its its actual fat body, it is too small. Also, there are big yellow/clean circles all over . There also some ""hair"" structures",,Sperm present,,4.3,4.3,cloudy,
ME65,20200613,Franklin,"Managed field with half mowed every other year to promote lowbush blueberry (Vacciniumspp.). Two-year-old side is dominated by blueberry in peak flower and grasses. Few other plants in bloom in meadow and bees were only seen using the blueberry. Bumble bees were all queens. Based on four counts of 50 bees randomly sampled they were as follows: ternarius (90.5%), perplexus (4.0%), terricola (2.0%), vagans/sandersoni (these should be definit4ely ID'ed by malar space etc.; 1.5%), borealis (1.0%), impatiens (0.5%), bimaculatus (0.5%).Ê","50-53 degrees F, mostly cloudy.",11:00-5:00 pm,impatiens,0,0,na,1,0,1,highbush blueberry,nectaring,HW/LR,might have been collecting pollen but didn't hear any buzzing,0,5 mites,0,five,"very full, clear",0,0,0,6,4,3.2,3,3.6,3,5.8,4,5.5,4,3.2,3,3,3,4.8,3,,0,0,0,,,,,Sperm present,,4,4.2,cloudy,
ME66,20200613,Franklin,"Managed field with half mowed every other year to promote lowbush blueberry (Vacciniumspp.). Two-year-old side is dominated by blueberry in peak flower and grasses. Few other plants in bloom in meadow and bees were only seen using the blueberry. Bumble bees were all queens. Based on four counts of 50 bees randomly sampled they were as follows: ternarius (90.5%), perplexus (4.0%), terricola (2.0%), vagans/sandersoni (these should be definit4ely ID'ed by malar space etc.; 1.5%), borealis (1.0%), impatiens (0.5%), bimaculatus (0.5%).Ê","50-53 degrees F, mostly cloudy.",11:00-5:00 pm,bimaculatus,0,0,na,1,0,1,highbush blueberry,nectaring,HW/LR,might have been collecting pollen but didn't hear any buzzing,0,1 mite,0,one,clear,0,0,0,5,4,4.9,4,1.9,2,1.9,2,4.5,3,5.7,4,3,3,5.9,4,,0,0,0,circles that might be pollen,,swollen,,Sperm present,,4,4,cloudy,pollen on ethanol
ME67,20200613,Franklin,"Managed field with half mowed every other year to promote lowbush blueberry (Vacciniumspp.). Two-year-old side is dominated by blueberry in peak flower and grasses. Few other plants in bloom in meadow and bees were only seen using the blueberry. Bumble bees were all queens. Based on four counts of 50 bees randomly sampled they were as follows: ternarius (90.5%), perplexus (4.0%), terricola (2.0%), vagans/sandersoni (these should be definit4ely ID'ed by malar space etc.; 1.5%), borealis (1.0%), impatiens (0.5%), bimaculatus (0.5%).Ê","50-53 degrees F, mostly cloudy.",11:00-5:00 pm,bimaculatus,1,0,na,1,0,0,,,HW/LR,,1,0,0,0,clear,0,0,0,4.9,3,5.2,4,4.7,3,4.4,3,5.9,R,5.5,R,5.7,4,3,3,,0,0,0,,,,,Sperm present,,3.8,3.8,cloudy,
ME68,20200613,Franklin,"Managed field with half mowed every other year to promote lowbush blueberry (Vacciniumspp.). Two-year-old side is dominated by blueberry in peak flower and grasses. Few other plants in bloom in meadow and bees were only seen using the blueberry. Bumble bees were all queens. Based on four counts of 50 bees randomly sampled they were as follows: ternarius (90.5%), perplexus (4.0%), terricola (2.0%), vagans/sandersoni (these should be definit4ely ID'ed by malar space etc.; 1.5%), borealis (1.0%), impatiens (0.5%), bimaculatus (0.5%).Ê","50-53 degrees F, mostly cloudy.",11:00-5:00 pm,ternarius,0,1,zigzag flight ~6s,0,0,0,na,na,HW/LR,,0,0,0,0,clear,0,0,0,7,R,3,3,6.5,4,4.5,3,4.6,3,3.7,3,5.6,4,6.7,4,,0,0,0,,,,,Sperm present,,3.7,3.7,cloudy,
ME69,20200613,Franklin,"Managed field with half mowed every other year to promote lowbush blueberry (Vacciniumspp.). Two-year-old side is dominated by blueberry in peak flower and grasses. Few other plants in bloom in meadow and bees were only seen using the blueberry. Bumble bees were all queens. Based on four counts of 50 bees randomly sampled they were as follows: ternarius (90.5%), perplexus (4.0%), terricola (2.0%), vagans/sandersoni (these should be definit4ely ID'ed by malar space etc.; 1.5%), borealis (1.0%), impatiens (0.5%), bimaculatus (0.5%).Ê","50-53 degrees F, mostly cloudy.",11:00-5:00 pm,bimaculatus,0,0,na,1,0,1,highbush blueberry,nectaring,HW/LR,might have been collecting pollen but didn't hear any buzzing,1,0,0,0,clear,0,0,0,5.6,4,4.7,R,4,3,4.5,3,5.5,4,4.5,3,5.7,4,4.6,3,,0,0,0,pollen?,,,,Sperm present,,3.8,3.8,cloudy,"gut stained, very hard"
ME70,20200614,Franklin,"Old field dominated by grasses and floweringÊLupinus perennis. Bordered by woods, road, and more fields. Blackberry (Rubus occidentalis) in full bloom along the edges. Much more mesic/wet than Rangeley site.","~60F, partly sunny",12:15-12:45pm,impatiens,0,1,zigzag flight ~6s,0,0,0,na,na,HW/LR,,0,9 mites + oribatid mite,1,few,clear,0,0,0,5.5,4,5.4,4,6,R,4.7,3,5,4,4.2,3,3.6,3,4.5,3,,0,0,0,,,,,Sperm present,,4.1,4.1,cloudy,1 mite is black and different from others
ME71,20200614,Franklin,"Old field dominated by grasses and floweringÊLupinus perennis. Bordered by woods, road, and more fields. Blackberry (Rubus occidentalis) in full bloom along the edges. Much more mesic/wet than Rangeley site.","~60F, partly sunny",12:15-12:45pm,vagans,1,0,na,1,0,0,sundial lupine,collecting pollen?,HW/LR,not sure this lupine has nectar,1,0,0,0,clear,0,0,0,5.5,4,5.8,4,6.2,4,5.9,4,6.1,4,5.6,4,5.8,4,5.5,4,,0,0,0,,pollen,,,sperm present +pollen?,,3.3,3.3,cloudy,
ME72,20200614,Franklin,"Old field dominated by grasses and floweringÊLupinus perennis. Bordered by woods, road, and more fields. Blackberry (Rubus occidentalis) in full bloom along the edges. Much more mesic/wet than Rangeley site.","~60F, partly sunny",12:15-12:45pm,bimaculatus,1,0,na,1,0,0,sundial lupine,collecting pollen?,HW/LR,not sure this lupine has nectar,1,0,0,0,clear,0,0,0,7,4,6,4,4.7,3,4.1,3,6,4,6.5,4,6.6,4,5,3,,0,0,0,stained with brown color,,,,Sperm present,,3.8,3.8,cloudy,
ME73,20200614,Franklin,"Old field dominated by grasses and floweringÊLupinus perennis. Bordered by woods, road, and more fields. Blackberry (Rubus occidentalis) in full bloom along the edges. Much more mesic/wet than Rangeley site.","~60F, partly sunny",12:15-12:45pm,bimaculatus,1,0,na,1,0,0,sundial lupine,collecting pollen?,HW/LR,not sure this lupine has nectar,1,0,0,0,clear,0,0,0,2.7,3,6.5,4,5.4,4,4,3,6,4,5,3,4.7,R,4.2,3,,0,0,0,,pollen,,,Sperm present,,3.8,3.8,cloudy,very little pollen
ME74,20200614,Franklin,"Old field dominated by grasses and floweringÊLupinus perennis. Bordered by woods, road, and more fields. Blackberry (Rubus occidentalis) in full bloom along the edges. Much more mesic/wet than Rangeley site.","~60F, partly sunny",12:15-12:45pm,impatiens,1,0,na,1,0,0,sundial lupine,collecting pollen?,HW/LR,not sure this lupine has nectar,1,0,0,0,clear,0,0,0,6.1,4,6.8,4,5.2,3,3.5,3,6.4,4,7.8,4,5.3,3,4,3,,0,0,0,,IVT74 H.1 might have a mite-immature,,,Sperm present,,4.4,4.4,cloudy,
ME75,20200614,Franklin,"Old field dominated by grasses and floweringÊLupinus perennis. Bordered by woods, road, and more fields. Blackberry (Rubus occidentalis) in full bloom along the edges. Much more mesic/wet than Rangeley site.","~60F, partly sunny",12:15-12:45pm,vagans,1,0,na,1,0,0,sundial lupine,collecting pollen?,HW/LR,not sure this lupine has nectar,1,0,0,0,clear,0,0,0,6.2,4,5.4,4,3.2,3,3.4,3,6,4,4.3,3,3.8,3,5,4,,0,0,0,,mite-immature?,,,Sperm present,,3.8,3.8,cloudy,
ME76,20200614,Cumberland,"Roadside embankment withÊLupinus perennisÊandRubus idaeus.Neighborhood is state highway, low density residential, and lots of forest.","~60F, partly sunny",2:40-2:50pm,perplexus,0,0,na,1,0,1,Rubus idaeus,looked to be nectaring,HW/LR,,1,0,0,0,clear,0,0,0,4.3,3,5.4,4,4.5,3,3,3,5,4,4.4,3,5.2,4,2.1,2,,0,0,0,,pollen,,,Sperm present,,4.6,4.6,cloudy,hardly any pollen
ME77,20200614,Cumberland,"Roadside embankment withÊLupinus perennisÊandRubus idaeus.Neighborhood is state highway, low density residential, and lots of forest.","~60F, partly sunny",2:40-2:50pm,perplexus,0,0,na,1,0,1,Rubus idaeus,looked to be nectaring,HW/LR,,0,1,0,one,clear,0,0,0,7,4,6.5,4,6,4,6.2,4,5.5,3,7,4,6.5,4,6.2,4,,0,0,0,,,stained,,Sperm present,,4.6,4.6,cloudy,
ME78,20200614,Franklin,"Old field dominated by grasses and floweringÊLupinus perennis. Bordered by woods, road, and more fields. Blackberry (Rubus occidentalis) in full bloom along the edges. Much more mesic/wet than Rangeley site.","~60F, partly sunny",12:15-12:45pm,impatiens,1,0,na,1,0,0,sundial lupine,collecting pollen?,HW/LR,not sure this lupine has nectar,1,0,0,0,clear,0,0,0,7.7,4,7.9,4,5,3,5.7,4,8.2,4,8,4,7.4,4,6.7,4,,0,0,0,,,,,Sperm present,,4.3,4.3,cloudy,
CA01,20200425,SanBernardino,"manzanita field across from snowdrift tubing with creek, mostly one large s-facing slope","75-80F, sunny",1500,vosnesenskii,0,0,na,0,1,1,Arctostaphylos sp.,stationary on underside of manzanita leaf >15s. abdomen pumping,ES,,0,0,0,0,empty,0,0,0,0.4,2,0.5,2,0.6,2,NA,NA,0.5,2,0.6,2,0.7,2,NA,NA,couldn't find spermatheca,0,0,,0,0,0,0,,,5,5.1,,
CA02,20200425,SanBernardino,"manzanita field across from snowdrift tubing with creek, mostly one large s-facing slope","75-80F, sunny",1500,vosnesenskii,0,1,zigzag flight on S-facing slope in brambles next to manzanita,0,0,0,na,na,NF,,0,0,0,0,"full, clear",0,0,0,0.7,2,0.7,2,0.8,2,0.9,2,0.6,2,1.2,2,0.6,2,0.8,2,couldn't find spermatheca,0,0,,0,0,0,0,,,5.3,5.4,,
CA03,20200425,SanBernardino,"manzanita field across from snowdrift tubing with creek, mostly one large s-facing slope","75-80F, sunny",1530,vosnesenskii,0,0,na,1,0,1,Arctostaphylos sp.,manipulating flower,BS,,1,0,0,0,empty,0,0,0,4.2,4,2,R,3.2,3,3.4,3,4,4,3.6,4,3.4,3,1,2,couldn't find spermatheca,0,0,,0,0,0,0,,,5.2,5.2,,
CA04,20200425,SanBernardino,"manzanita field across from snowdrift tubing with creek, mostly one large s-facing slope","75-80F, sunny",1600,vosnesenskii,0,0,na,1,0,1,Arctostaphylos sp.,manipulating flower,NG,,0,"mites, few",1,few,empty,0,0,0,1.5,2,1.9,3,1.1,2,1.2,1,2.4,3,2.1,3,NA,NA,NA,NA,couldn't find spermatheca,0,0,,"nosema?, apocystis?",0,squigly,0,,,5.2,5.3,,
CA05,20200425,SanBernardino,"manzanita field across from snowdrift tubing with creek, mostly one large s-facing slope","75-80F, sunny",1630,vosnesenskii,1,0,na,1,0,0,Arctostaphylos sp.,manipulating flower,ES,,1,0,0,0,"full, trans yellow",0,0,0,2,3,2.2,3,2.6,3,2.9,3,3,3,2.4,3,NA,NA,NA,NA,couldn't find spermatheca; v yellow oocytes,0,0,,0,0,0,0,lollipops,,5.1,4.9,,
CA06,20200425,SanBernardino,"manzanita field across from snowdrift tubing with creek, mostly one large s-facing slope","75-80F, sunny",1630,vosnesenskii,0,0,na,1,0,1,Arctostaphylos sp.,manipulating flower,NG,,0,"mites, lots",1,lots,empty,0,0,0,2.5,R,2,3,1.7,2,1.8,2,1,2,1.4,2,NA,NA,NA,NA,couldn't find spermatheca,0,0,,hairy,0,0,mite,,,5,4.8,,
CA07,20200425,SanBernardino,"manzanita field across from snowdrift tubing with creek, mostly one large s-facing slope","75-80F, sunny",1645,vosnesenskii,0,0,na,1,0,1,Arctostaphylos sp.,manipulating flower,BS,,0,0,0,0,"med, clear",0,0,0,0.4,2,0.9,2,0.6,2,NA,NA,0.6,2,0.5,2,0.7,2,0.5,2,,0,0,,0,"nosema?, worm",0,0,,,5,5.3,,
CA08,20200428,Riverside,"open dry grassy/shrubby/bare field, NW facing slope, little-no flowers, near truck trail","75F, sunny",1620,vosnesenskii,0,1,"zigzag flight ~6s, N-facing slope, landed and investigated in some dead leaves/acorns ~5s",0,0,0,na,na,ES,,0,0,0,0,"full, clear",0,0,0,1.9,2,2.1,2,1.8,2,0.9,2,1.9,2,0.6,2,1.3,2,1.4,2,v yellow oocytes,0,0,,nosema?,0,0,0,,,4.9,5.1,,
CA09,20200428,Riverside,"open dry grassy/shrubby/bare field, NW facing slope, little-no flowers, near truck trail","75F, sunny",1630,vosnesenskii,0,1,"zigzag flight ~6s, N-facing slope, landed and investigated in some dead leaves/acorns ~5s",0,0,0,na,na,ES,,0,"mites, few",1,few,"med, clear",0,0,0,3.1,3,3.2,3,2.1,R,1.5,2,1.3,2,3.2,3,3.5,3,1.5,2,,0,0,,"nosema?, doublebubble",nosema?,0,0,hairy,,5.2,5.3,,
CA10,20200428,Riverside,"open dry grassy/shrubby/bare field, NW facing slope, little-no flowers, near truck trail","75F, sunny",1630,vosnesenskii,0,1,"zigzag flight ~6s, N-facing slope, into and out of hole",0,0,0,na,na,HW,,0,"mites, lots",1,lots,"med, clear",0,0,0,1.3,3,3.9,4,2.9,3,1.5,2,3.5,3,3,R,2.5,3,2.5,3,,0,0,,nosema?,0,0,0,,,5.1,5.2,,
CA11,20200428,Riverside,"open dry grassy/shrubby/bare field, NW facing slope, little-no flowers, near truck trail","75F, sunny",1640,vosnesenskii,0,1,"zigzag flight ~6s, N-facing slope, into and out of hole",0,0,0,na,na,HW,,0,"mites, med",1,med,"med, clear",0,0,0,3.6,3,3.1,3,2.7,3,3.1,3,1.4,2,3,3,3.2,3,4.5,4,,0,0,,0,0,0,0,,,5.4,5.4,,
CA12,20200428,Riverside,"open dry grassy/shrubby/bare field, NW facing slope, little-no flowers, near truck trail","75F, sunny",1700,vosnesenskii,0,1,"entered and exited hole in hillside along roadside, NW facing slope. did not see zigzag flight",0,0,0,na,na,HW,,0,"mites, few",1,few,"full, clear",0,0,0,3,3,1.5,2,1.4,3,1.4,2,3.5,3,3.6,3,1.4,3,2.8,3,,0,0,,0,0,0,0,,,5.1,5.2,,
CA13,20200428,Riverside,"open dry grassy/shrubby/bare field, NW facing slope, little-no flowers, near truck trail","75F, sunny",1730,vosnesenskii,0,1,"zigzag flight ~5s SW facing slope along roadside, then flew ~2m high",0,0,0,na,na,HW,,0,"mites, lots",1,lots,"full, clear",0,0,0,3.6,3,3,3,2,2,3.9,3,1.6,2,NA,NA,NA,NA,NA,NA,,0,0,,0,0,0,0,,,4.9,5,,
CA14,20200428,Riverside,"open dry grassy/shrubby/bare field, NW facing slope, little-no flowers, near truck trail","75F, sunny",1750,vosnesenskii,0,0,na,1,0,1,Arctostaphylos sp.,manipulating flower,KF,,0,0,0,0,na,0,0,0,0.6,2,2.1,2,1,2,1.7,2,NA,NA,NA,NA,NA,NA,NA,NA,couldn't find second ovary,0,0,,nosema?,0,0,0,,,5.2,5.2,,
CA15,20200501,SanBernardino,"manzanita field across from snowdrift tubing with creek, mostly to the left where S-N slopes meet in mini valley","75F, sunny",1000,vosnesenskii,0,1,"zigzag flight ~6s, landed ~2s in bark and pine needle duff",0,0,0,na,na,ES,,0,0,0,0,"full, clear",0,0,0,3,3,1,2,2.4,2,2.5,3,1.9,2,2.7,2,1.4,2,2.8,2,,0,0,,0,0,0,0,,,5,5,,
CA16,20200501,SanBernardino,"manzanita field across from snowdrift tubing with creek, mostly to the left where S-N slopes meet in mini valley","75F, sunny",1040,vosnesenskii,0,0,na,1,0,1,Arctostaphylos sp.,manipulating flower,ES,,0,0,0,0,"full, clear",0,0,0,2.8,2,3.1,3,1.5,2,NA,NA,1.5,R,1.7,2,2.5,3,1.2,2,,0,0,,nosema?,0,0,0,nosema?,,4.9,5.1,,
CA17,20200501,SanBernardino,"manzanita field across from snowdrift tubing with creek, mostly to the left where S-N slopes meet in mini valley","75F, sunny",1045,vosnesenskii,0,0,na,1,0,1,Arctostaphylos sp.,manipulating flower,ES,,0,0,0,0,"full, clear",0,0,0,2.6,3,3,3,2.5,3,2.5,3,3,3,1.3,2,0.8,2,NA,NA,wings very torn,0,0,,0,0,0,0,,,4.6,4.8,,
CA18,20200501,SanBernardino,"manzanita field across from snowdrift tubing with creek, mostly to the left where S-N slopes meet in mini valley","75F, sunny",1115,vosnesenskii,0,0,na,1,0,1,Arctostaphylos sp.,manipulating flower,ES,,0,"mites, lots",1,lots,na,0,0,0,1.7,R,1.2,R,2.6,3,1.2,R,3.6,R,3.7,R,1.6,2,1.1,2,,0,0,,nosema?,0,"mite, squigly",0,,,5.3,5.2,,
CA19,20200501,SanBernardino,"manzanita field across from snowdrift tubing with creek, mostly to the left where S-N slopes meet in mini valley","75F, sunny",1140,vosnesenskii,0,1,"zigzag flight ~20s, landed and investigated a hole ~5s, N-facing slope, shrubby sandy pine needles & cones",0,0,0,na,na,ES,,0,"mites, lots",1,lots,"full, trans yellow",0,0,0,1.1,2,1.2,2,0.6,2,1.2,2,1,2,0.9,2,0.7,2,0.6,2,v white oocytes,0,0,,"nosema?, polkadot, doublebubble",0,0,0,,,5.1,5.1,,
CA20,20200501,SanBernardino,"manzanita field across from snowdrift tubing with creek, mostly to the left where S-N slopes meet in mini valley","75F, sunny",1200,vosnesenskii,0,1,"zigzag flight ~16s, into hole ~60s; S-facing slope; brambles, pine needles, soft ground collapsing beneath my feet",0,0,0,na,na,ES,,0,"mites, lots",1,lots,"full, clear",0,0,0,3.4,R,3.8,3,3.7,4,2.2,3,2.5,2,1.9,2,2.2,3,3.8,4,,0,0,,0,0,0,0,,,5,5.2,,
CA21,20200501,SanBernardino,"manzanita field across from snowdrift tubing with creek, mostly to the left where S-N slopes meet in mini valley","75F, sunny",1220,vosnesenskii,0,0,na,1,0,1,Arctostaphylos sp.,manipulating flower,ES,,0,"mites, lots",1,lots,na,0,0,0,4.2,4,4.1,4,3.5,4,3,3,4.2,4,3.6,3,3.1,3,NA,NA,"stage 4 oocytes v white, others yellow",0,0,,0,0,0,0,,,5.1,4.9,,
CA22,20200501,SanBernardino,"manzanita field across from snowdrift tubing with creek, mostly to the left where S-N slopes meet in mini valley","75F, sunny",1225,vosnesenskii,0,0,na,1,0,1,Arctostaphylos sp.,manipulating flower,ES,,0,"mites, few",1,few,"full, clear",0,0,0,2.5,R,1.9,R,1.5,R,2.6,2,2.4,R,2,R,1,R,1.6,R,,0,0,,polkadot,0,0,0,hairy,,5,5.1,,
CA23,20200501,SanBernardino,"manzanita field across from snowdrift tubing with creek, mostly to the left where S-N slopes meet in mini valley","75F, sunny",1230,vosnesenskii,1,0,na,1,0,0,Arctostaphylos sp.,manipulating flower; short buzzing sound when handling the flower ever second or so,ES,tiny bit of pollen. likely just started collecting,1,0,0,0,"med, clear",0,0,0,4.1,4,3.5,4,2.6,3,2.1,3,4.1,4,2.6,3,2.8,3,2.5,3,,0,0,,0,0,0,0,,,5,5,,
CA24,20200501,SanBernardino,"manzanita field across from snowdrift tubing with creek, mostly to the left where S-N slopes meet in mini valley","75F, sunny",1245,vosnesenskii,0,0,na,1,0,1,Arctostaphylos sp.,manipulating flower,ES,,0,"mites, med",1,med,"full, clear",0,0,0,4.1,4,4,4,2.6,3,2.1,R,4.1,3,3.9,4,2,3,3,3,"stage 4 oocytes v white, others yellow",0,0,,hairy,0,0,0,,,4.9,5.1,,
CA25,20200501,SanBernardino,"manzanita field across from snowdrift tubing with creek, mostly to the left where S-N slopes meet in mini valley","75F, sunny",1330,vosnesenskii,0,0,na,0,1,1,Arctostaphylos sp.,"flew to manzanita bush, stayed stationary on underside of leaf >20s",ES,,0,"mites, few",1,few,na,0,0,0,3.3,R,3.2,3,3.9,4,2,3,1.2,R,3,3,3,3,3.1,R,,0,0,,0,0,0,0,,,5.2,5.1,,
CA26,20200501,SanBernardino,"manzanita field across from snowdrift tubing with creek, mostly to the left where S-N slopes meet in mini valley","75F, sunny",1340,vosnesenskii,1,0,na,1,0,0,Arctostaphylos sp.,manipulating flower; short buzzing sound when handling the flower ever second or so,ES,,1,0,0,0,"full, clear",0,0,0,3.3,3,0.8,2,2.6,3,2,3,3,4,1.1,2,2.2,3,3.4,3,,0,0,,0,nosema?,0,0,,,5,5.2,,
CA27,20200501,SanBernardino,"manzanita field across from snowdrift tubing with creek, mostly to the left where S-N slopes meet in mini valley","75F, sunny",1400,vosnesenskii,1,0,na,1,0,0,Arctostaphylos sp.,manipulating flower,ES,,1,0,0,0,"full, clear",0,0,0,4,4,4,4,2.3,3,3,3,4.3,4,1.5,2,2.5,2,2.8,3,,0,0,,"doublebubble, nosema",0,0,0,hairy,,5.2,5.1,,
CA28,20200502,Riverside,"open dry grassy/shrubby/bare field, NW facing slope, little-no flowers, near truck trail","70F, sunny",1015,vosnesenskii,0,1,"zigzag ~15s, landed ~1s; NE-facing slope; grassy open field",0,0,0,na,na,NG,BS watched nest search first ~10-15s,0,"mites, med",1,med,na,0,0,0,3,3,2.6,3,1.7,2,3,3,3.1,3,2.7,3,3,3,1.4,2,couldn't find spermatheca,0,0,,"polkadot, doublebubble",0,0,0,NA,,5.2,5.1,,
CA29,20200502,Riverside,"open dry grassy/shrubby/bare field, NW facing slope, little-no flowers, near truck trail","70F, sunny",1045,vosnesenskii,0,1,"zigzag ~18s; NE-facing slope, grassy open field",0,0,0,na,na,ES,,0,0,0,0,"full, clear",0,0,0,2.5,3,2.2,3,2.9,3,1.2,2,3.5,3,3.4,R,1.3,R,2,3,,0,0,,polkadot,0,0,0,,,5.1,4.9,,
CA30,20200502,Riverside,"open dry grassy/shrubby/bare field, NW facing slope, little-no flowers, near truck trail","70F, sunny",1055,vosnesenskii,0,1,"zigzag ~15s, landed in leaf litter; N-facing slope",0,0,0,na,na,ES,,0,"mites, lots",1,lots,"full, clear",0,0,0,2.6,R,3,3,1.4,2,2.5,R,2,R,1.6,2,3.6,3,1.6,3,,0,0,,,0,0,0,,,5.2,5.1,,
CA31,20200502,Riverside,"open dry grassy/shrubby/bare field, NW facing slope, little-no flowers, near truck trail","70F, sunny",1110,vosnesenskii,0,1,"zigzag ~15s, S-facing slope; rocky/gravel, steep; landed ~1s beneath shrub; sunny location",0,0,0,na,na,ES,,0,0,0,0,"full, clear",0,0,0,3.2,3,3.6,3,3.4,R,2.6,3,2.5,2,3,3,3.5,3,2,2,,0,0,,polkadot,nosema?,0,0,hairy,,5.4,5.5,,
CA32,20200502,Riverside,"open dry grassy/shrubby/bare field, NW facing slope, little-no flowers, near truck trail","70F, sunny",1115,vosnesenskii,0,1,"zigzag ~6s; SE-facing slope, open grassy part shade",0,0,0,na,na,ES,,0,0,0,0,"small, clear",0,0,0,3.5,3,1.3,R,1.9,3,NA,NA,2,3,1.5,2,1.5,R,3.6,3,,0,0,,polkadot,0,0,0,,,5.3,5.1,,
CA33,20200502,Riverside,"open dry grassy/shrubby/bare field, NW facing slope, little-no flowers, near truck trail","70F, sunny",1115,vosnesenskii,0,1,"zigzag ~10s; N-facing slope, landed under leaf litter ~1-2s, pine duff & leaves next to log",0,0,0,na,na,NG,,0,0,0,0,"full, clear",0,0,0,4.4,4,1.5,2,2,3,2.5,3,4,4,1.5,3,1.1,2,1.2,2,,0,0,,polkadot,0,0,0,,,5.2,5.1,,
CA34,20200502,Riverside,"open dry grassy/shrubby/bare field, NW facing slope, little-no flowers, near truck trail","70F, sunny",1115,vosnesenskii,0,1,"zigzag ~6s; NE-facing slope, open grassy/scrubby",0,0,0,na,na,BS,,0,"mites, med",1,med,"full, clear",0,0,0,3,3,1.3,R,2.7,3,3.3,3,4,3,4,R,3.9,4,1.1,2,,0,0,,"nosema?, polkadot",0,0,0,,,5.1,5.1,,
CA35,20200502,Riverside,manzanita field across the street from Idyllwild Nature Center entrance with creek,"70F, sunny",1445,vosnesenskii,0,1,zigzag ~8s; E-facing slope ~5ft above creek in pine duff,0,0,0,na,na,VS,,0,0,0,0,"full, clear",0,0,0,3.3,R,1.1,R,2.5,3,2.2,3,3.6,3,3.1,R,3.4,3,3,3,,1,0,,"nosema?, polkadot",0,0,0,,,5.1,5.2,,
CA36,20200502,Riverside,manzanita field across the street from Idyllwild Nature Center entrance with creek,"70F, sunny",1500,vosnesenskii,0,0,na,1,0,1,Arctostaphylos sp.,manipulating flower,NG,,0,0,0,0,"full, clear",0,0,0,4.2,3,3.6,4,3,3,3,3,3.5,4,3,R,3,3,1.6,2,,0,0,,polkadot,0,0,0,,,5.2,5.1,,
CA37,20200505,SanBernardino,"manzanita field across from snowdrift tubing with creek, at closed road entrance","80F, sunny",1230,vosnesenskii,1,0,na,1,0,0,Arctostaphylos sp.,manipulating flower,HW,,1,0,0,0,"full, clear",0,0,0,2.5,3,2.4,3,1.2,2,1.5,2,1.7,R,1.4,2,2.3,3,1.6,2,couldn't find spermatheca,0,0,,"polkadot, doublebubble",0,0,0,,,5.1,5,,
CA38,20200505,SanBernardino,"manzanita field across from snowdrift tubing with creek, at closed road entrance","80F, sunny",1240,vosnesenskii,1,0,na,1,0,0,Arctostaphylos sp.,manipulating flower,HW,,1,0,0,0,"med, clear",0,0,0,3.5,4,2.5,3,1.8,2,NA,1.2,2,2.9,3,2.3,3,1.5,2,,,0,0,,0,0,0,0,,very little stain,5,5.2,,
CA39,20200505,SanBernardino,"manzanita field across from snowdrift tubing with creek, at closed road entrance","80F, sunny",1300,vosnesenskii,1,0,na,1,0,0,Arctostaphylos sp.,manipulating flower; short buzzing sound when handling the flower ever second or so; visitied >3 flowers,ES,,1,0,0,0,"empty, yellow",0,0,0,3.9,4,4,4,4.6,4,4.2,4,4.2,4,3.6,4,4.3,4,3,R,couldn't find spermatheca,0,0,,polkadot,banana,0,0,NA,,5,5.3,,
CA40,20200505,SanBernardino,"manzanita field across from snowdrift tubing with creek, at closed road entrance","80F, sunny",1315,vosnesenskii,0,1,zigzag ~10s,0,0,0,na,na,HW,,0,"mites, lots",1,lots,"med, clear",0,0,0,4.2,4,2.2,R,3,3,2.5,3,1.6,R,2.5,R,3.5,4,2.9,R,,0,0,,0,0,0,0,,,5.3,5.2,,
CA41,20200505,SanBernardino,"manzanita field across from snowdrift tubing with creek, at closed road entrance","80F, sunny",1330,vosnesenskii,1,0,na,1,0,0,Arctostaphylos sp.,manipulating flower,HW,,1,0,0,0,"small, clear",0,0,0,2.6,R,2.1,2,1.6,2,0.5,1,1.6,2,2.5,3,2.5,R,0.6,1,,0,0,,polkadot,0,0,0,,,5,5.1,,
CA42,20200505,SanBernardino,"manzanita field across from snowdrift tubing with creek, at closed road entrance","80F, sunny",1345,vosnesenskii,1,0,na,1,0,0,Arctostaphylos sp.,manipulating flower,ES,,1,0,0,0,"full, clear",0,0,0,3.4,4,2.5,3,3.8,R,3.2,3,1.9,R,2.5,3,1.6,R,2.8,3,,0,0,,doublebubble,0,0,0,,,4.9,5.1,,
CA42.2,20200505,SanBernardino,"manzanita field across from snowdrift tubing with creek, at closed road entrance","80F, sunny",1400,vosnesenskii,1,0,na,1,0,0,Arctostaphylos sp.,manipulatitng flower ,HW,,1,0,0,0,"small, yellow",0,0,0,1.6,R,1.4,2,1.2,2,1.7,2,3.5,3,1.1,2,2.4,3,2.7,3,,0,0,,0,0,0,0,,,5.1,5,,
CA44,20200505,SanBernardino,"manzanita field across from snowdrift tubing with creek, at closed road entrance","80F, sunny",1410,vosnesenskii,1,0,na,1,0,0,Arctostaphylos sp.,manipulating flower,HW,,1,0,0,0,"med, clear",0,0,0,4.4,4,2.2,3,2.5,R,3.4,4,4.3,4,2.8,R,3.5,4,2.7,3,,0,0,,"polkadot, doublebubble",0,0,0,,,5.3,5.3,,
CA45,20200505,SanBernardino,"manzanita field across from snowdrift tubing with creek, at closed road entrance","80F, sunny",1425,vosnesenskii,1,0,na,0,0,0,na,na,ES,"caught mid air, but did have pollen",1,0,0,0,"small, yellow",0,0,0,2.5,R,3,3,1.8,2,1.9,2,2.7,3,1.5,2,2,2,1.2,2,,0,0,,"polkadot, doublebubble",almond,0,0,,,4.9,4.9,,
CA46,20200505,SanBernardino,"manzanita field across from snowdrift tubing with creek, at closed road entrance","80F, sunny",1425,vosnesenskii,1,0,na,1,0,0,Arctostaphylos sp.,manipulating flower,HW,,1,0,0,0,"full, clear",0,0,0,2.9,3,1.1,R,1.7,2,2,2,2.6,3,2,3,1.6,2,1.7,2,,0,0,,"polkadot, doublebubble",0,0,0,,,5.1,5.1,,
CA47,20200507,SanBernardino,"manzanita field across from snowdrift tubing with creek, mostly to the left where S-N slopes meet in mini valley","80F, sunny",945,vosnesenskii,0,1,zigzag ~7s; E-facing slope; under manzanita on pine duff,0,0,0,na,na,ES,,0,"mites, few",1,few,"full, clear",0,0,0,3,3,1.9,R,1.8,2,2.5,2,2.6,3,1.1,R,1,2,2.5,3,no ovary pic (phone died); very obviously resorbed or not,0,0,,0,0,0,0,,,5,5.2,,
CA48,20200507,SanBernardino,"manzanita field across from snowdrift tubing with creek, mostly to the left where S-N slopes meet in mini valley","80F, sunny",1025,vosnesenskii,0,1,"zizag ~5s; landed under large pinecone ~5s; pine duff + cones; valley bottom, slight W-slope",0,0,0,na,na,ES,,0,0,0,0,"med, yellow",0,0,0,3,3,3,3,2.8,3,1.4,2,3.2,3,2.2,3,1.9,2,2.5,3,,0,0,,cuticle,0,0,0,,,5.1,5,,
CA49,20200507,SanBernardino,"manzanita field across from snowdrift tubing with creek, mostly to the left where S-N slopes meet in mini valley","80F, sunny",1200,vosnesenskii,0,1,zigzag ~15s; pine duff between pond and pine tree; E-facing slope,0,0,0,na,na,ES,,0,0,0,0,"small, clear",0,0,0,4.6,4,3,3,2.7,3,3.2,3,3.2,4,3.2,3,3,3,1.8,2,,0,0,,0,0,0,0,,,5.2,5.2,,
CA50,20200512,Riverside,side of the road 243 ~2 miles E of pine cove; a few manzanita on a steep rocky slope,"55F, sunny",930,vosnesenskii,0,0,na,1,0,1,Arctostaphylos sp.,manipulating flower,ES,,0,0,0,0,"small, clear",0,0,0,2.2,2,2,2,1.4,2,2,2,1.5,2,2.9,3,3,2,1.2,2,,0,0,,doublebubble,0,0,0,,,5.1,5.1,,
CA51,20200512,Riverside,"side trail between 243 and deer spring trail; manzanita, creek, lupine, ceonothus","55-60F, sunny",1020,vosnesenskii,0,0,na,1,0,1,Lupinus sp.,manipulating flower,ES,,0,0,0,0,"full, clear",0,0,0,2.6,R,2.1,R,2.8,3,3,3,3,3,2.5,3,1.2,2,1.5,2,,0,0,,0,0,0,0,,,5.4,5.3,,
CA52,20200512,Riverside,"side trail between 243 and deer spring trail; manzanita, creek, lupine, ceonothus","55-60F, sunny",1025,vosnesenskii,0,1,"zigzag~10S; S-facing slope; pine needles, oak leaves, lupine",0,0,0,na,na,ES,,0,0,0,0,"full, trans yellow",0,0,0,2.7,3,3,3,3.5,3,2.4,2,2.6,3,1.4,R,1.4,2,2.3,2,,0,0,,0,0,0,0,,,5,5.1,,
CA53,20200512,Riverside,"side trail between 243 and deer spring trail; manzanita, creek, lupine, ceonothus","55-60F, sunny",1140,vosnesenskii,1,0,na,1,0,0,Lupinus sp.,manipulating flower,ES,,1,0,0,0,"med, clear",0,0,0,1.8,2,0.9,2,1.5,2,1.6,2,1.7,2,1.6,2,2.5,3,2,2,,0,0,,"polkadot, doublebubble",0,0,0,,,5.2,5.2,,
CA54,20200512,Riverside,"side trail between 243 and deer spring trail; manzanita, creek, lupine, ceonothus","55-60F, sunny",1150,vosnesenskii,0,0,na,1,0,1,Arctostaphylos sp.,manipulating flower,ES,,0,0,0,0,"med, clear",0,0,0,4.3,4,4.1,4,4.2,4,4.4,4,4.3,4,4,4,3.6,4,4.4,4,,0,0,,0,0,0,0,,,5.1,5,,
CA55,20200512,Riverside,"side trail between 243 and deer spring trail; manzanita, creek, lupine, ceonothus","55-60F, sunny",1215,vosnesenskii,0,1,zigzag ~20s; S-facing slope; pine duff and oak leaves,0,0,0,na,na,ES,,0,0,0,0,"med, clear",0,0,0,3.2,3,3.6,3,2.8,3,2.5,2,3.1,3,3.6,3,4.3,4,4,4,,0,0,,0,0,0,0,,,5,5.1,,
CA56,20200512,Riverside,"side trail between 243 and deer spring trail; manzanita, creek, lupine, ceonothus","55-60F, sunny",1240,vosnesenskii,0,0,na,1,0,1,Arctostaphylos sp.,manipulating flower,ES,,0,0,0,0,"med, clear",0,0,0,3.8,4,2.7,3,2,2,3,3,3.1,3,3,3,2.6,3,3.2,3,,0,0,,nosema?,0,0,0,,lots soccer balls hindgut,5.1,5.2,,
CA57,20200512,Riverside,"side trail between 243 and deer spring trail; manzanita, creek, lupine, ceonothus","55-60F, sunny",1330,vosnesenskii,0,0,na,0,1,1,Arctostaphylos sp.,stationary on manzanita leaf,ES,,0,0,0,0,"med, trans yellow",0,0,0,3.4,3,3,3,2.5,3,2.7,3,3.6,4,3.7,4,2,3,2.3,3,,0,0,,0,0,0,0,,lots of soccer balls in midgut,5,5,,
CA58,20200512,Riverside,"side trail between 243 and deer spring trail; manzanita, creek, lupine, ceonothus","55-60F, sunny",1400,vosnesenskii,0,0,na,1,0,1,Arctostaphylos sp.,probing ~15 flowers with proboscis,ES,,0,0,0,0,"full, clear",0,0,0,2.3,R,1.8,R,2,R,2.3,R,1.2,R,1.5,R,1.8,R,1.9,R,"huge ovaries, terminal oocytes fully resorbed",0,0,,polkadot,0,0,0,,,5,5.2,,
CA59,20200512,Riverside,"side trail between 243 and deer spring trail; manzanita, creek, lupine, ceonothus","55-60F, sunny",1410,vosnesenskii,0,0,na,0,1,1,na,stationary on the ground in the middle of a gravel/sand trail,ES,,0,0,0,0,"small, clear",0,0,0,3.9,4,2.5,3,1.6,3,1.4,2,3.3,3,3.5,3,3.2,3,2.2,3,,0,0,,tiny nosema,0,0,0,,,5,5.2,,
CA60,20200512,Riverside,"side trail between 243 and deer spring trail; manzanita, creek, lupine, ceonothus","55-60F, sunny",1425,melanopygus,0,0,na,1,0,1,Arctostaphylos sp.,manipulating flower,ES,,0,0,0,0,"small, clear",0,0,0,3.2,4,1.7,3,2.5,3,1.6,2,3.3,3,3.2,3,3,3,2.3,2,,0,0,,0,0,0,0,,,4,4,,
CA61,20200512,Riverside,"side trail between 243 and deer spring trail; manzanita, creek, lupine, ceonothus","55-60F, sunny",1500,vosnesenskii,0,0,na,1,0,1,Arctostaphylos sp.,manipulating flower,ES,,0,0,0,0,"full, clear",0,0,0,3.3,3,3,R,3,R,3,R,2.6,R,3.5,R,2.5,3,3.2,3,,0,0,,0,0,0,0,,,5,5,,
CA62,20200514,SanBernardino,manzanita field with creek to left down trail,"60F, sunny",945,vosnesenskii,1,0,na,1,0,0,Arctostaphylos sp.,manipulating flower,ES,,1,0,0,0,"small, clear",0,0,0,3.8,4,2.1,3,2.9,3,1.8,3,3.8,4,2,3,1.7,3,2.4,3,,0,0,,0,0,0,0,,,5.2,5.3,,
CA63,20200514,SanBernardino,manzanita field with creek to left down trail,"60F, sunny",1030,vosnesenskii,0,1,"zigzag ~7s, landed in hole ~4s; S-facing slope; pine duff",0,0,0,na,na,ES,,na,0,0,0,"small, clear",0,0,0,3.8,4,1.5,R,4,4,1.2,R,1.3,R,2,R,3.6,4,3,3,,0,0,,0,0,0,0,,,5.1,5,,
CA64,20200514,SanBernardino,manzanita field with creek to left down trail,"60F, sunny",1110,vosnesenskii,0,1,"zigzag ~12s, landed ~1s; pine duff under manzanita",0,0,0,na,na,ES,,na,0,0,0,"small, clear",0,0,0,1.5,2,1.4,2,1.6,2,1.7,3,1.2,2,2.6,R,2,R,2,R,,0,0,,polkadot,0,0,0,,,4.7,4.6,,
CA65,20200522,Riverside,"side trail between 243 and deer spring trail; manzanita, creek, lupine, ceonothus","65-70F, sunny",1015,vosnesenskii,1,0,na,1,0,0,Ceanothus sp.,manipulating flower,ES,,1,0,0,0,"small, clear",0,0,0,2.9,R,2.1,3,1.5,R,1.4,R,1.5,R,1.6,R,1.4,R,1.3,R,"ovaries very developed, all terminal oocytes resorbed",0,0,,0,0,0,0,,,5.1,5.2,,
CA66,20200522,Riverside,"side trail between 243 and deer spring trail; manzanita, creek, lupine, ceonothus","65-70F, sunny",1035,vosnesenskii,1,0,na,1,0,0,Ceanothus sp.,manipulating flower,ES,,1,0,0,0,"med, clear",0,0,0,1.1,R,1,R,1.2,R,0.8,R,1.2,R,4,4,3.8,4,2.8,3,"ovaries very developed, most terminal oocytes resorbed",0,0,,0,0,0,0,,,5.1,5.2,,
CA67,20200522,Riverside,"side trail between 243 and deer spring trail; manzanita, creek, lupine, ceonothus","65-70F, sunny",1040,vosnesenskii,1,0,na,1,0,0,Ceanothus sp.,manipulating flower,ES,,1,0,0,0,"small, clear",blue-green strand in midgut,0,1,2.9,R,3,3,1.6,R,2.3,3,0.9,R,0.8,R,2.4,3,2.5,3,,0,0,,polkadot,polkadot,0,0,,,5.3,5.2,,
CA68,20200523,Riverside,"side trail between 243 and deer spring trail; manzanita, creek, lupine, ceonothus","65F, sunny",910,vosnesenskii,1,0,na,1,0,0,Ceanothus sp.,manipulating flower,ES,,1,0,0,0,"empty, clear",0,0,0,1,R,1.1,R,1.5,R,1,R,1.1,R,1.2,R,0.8,R,1.2,R,"could not find spermatheca; ovaries very developed, all terminal oocytes resorbed",0,0,,0,0,0,0,,,5.1,5,,
CA69,20200523,Riverside,"side trail between 243 and deer spring trail; manzanita, creek, lupine, ceonothus","65F, sunny",935,vosnesenskii,0,0,na,1,0,1,Ceanothus sp.,manipulating flower,ES,,na,0,0,0,"large, clear",long worm in lower hemocoel,0,1,3,3,2.7,3,2.5,3,2.5,3,2,R,1.6,R,2.5,R,1.5,R,,0,0,,polkadot,hairy,0,0,,,5,5,,
CA70,20200523,Riverside,"side trail between 243 and deer spring trail; manzanita, creek, lupine, ceonothus","65F, sunny",955,vosnesenskii,0,0,na,1,0,1,Ceanothus sp.,manipulating flower,ES,,na,0,0,0,"large, clear",long worm in lower hemocoel,0,1,2,R,3.2,4,1.5,R,1,R,3.7,4,1.3,R,1.1,R,3.3,R,,0,0,,"polkadot, doublebubble",0,0,0,,,5,5,,
CA71,20200523,Riverside,"side trail between 243 and deer spring trail; manzanita, creek, lupine, ceonothus","65F, sunny",1100,vosnesenskii,0,0,na,1,0,1,Ceanothus sp.,manipulating flower,ES,,na,0,0,0,"med, clear",0,0,0,1.4,R,2.5,R,3.5,4,na,na,1.2,R,3,4,1.5,R,3,3,,0,0,,0,0,0,0,,,5.2,5.1,,
CA72,20200523,Riverside,"side trail between 243 and deer spring trail; manzanita, creek, lupine, ceonothus","65F, sunny",1115,vosnesenskii,0,0,na,1,0,1,Ceanothus sp.,manipulating flower,ES,,na,"mites, med",1,med,"med, clear",0,0,0,1,R,3.5,4,0.8,R,3.7,4,1.1,R,3.5,4,3.4,4,2.1,3,,0,0,,polkadot,0,0,0,,,5.1,5.2,,
CA99,20200530,SanBernardino,"manzanita field across from snowdrift tubing with creek, mostly to the left where S-N slopes meet in mini valley",,1330,vosnesenskii,1,0,na,1,0,0,Arctostaphylos sp.,manipulaiting flower,ES,date likely incorrect? in freezer box with ca01-25ish,1,0,0,0,empty,0,0,0,2.2,2,3.2,R,1.8,R,NA,NA,3.2,3,1.8,2,1.4,R,1.7,2,,0,0,,"polkadot, doublebubble",0,0,0,,,5.1,5.1,,